fast_id,status,region_code,region_name,unit_code,unit_name,unit_type,mapped_place,latitude,longitude,recipient,title,assistance_listing,program,doi_decision_date,project_abstract,project_impact,review_notes,fed_funding_this_action
2131,Disapproved,AKR,Alaska,AKRO,Alaska Regional Office,"office, program, or network","Anchorage, Alaska",61.2172,-149.8862,The Great Basin Institute,Preservation of Archeological Collections from the Western Arctic Parklands,15.946 Cultural Resources Management,Cultural resources management,2026-08-07,"This project will stabilize and document archeological collections from the Western Arctic Parklands to prevent deterioration and ensure long-term preservation. Project personnel will document the condition of the items, rehouse objects in archival quality materials, and update catalog records. This work is needed to meet federal collections stewardship requirements and to ensure the park fulfills its mission to preserve and protect archeological resources from Northwest Alaska.","Without this project, Western Arctic Parklands archeological collections will remain in deteriorating field bags and substandard housing, risking damage or loss of these materials. This would result in noncompliance with federal curation requirements under 36 CFR 79 and compromise the long-term preservation and accountability of federally managed archeological resources.","05/19/2026: Submitted for DOI review. 08/07/2026: Disapproved by DOI. Your financial assistance request, FAST # 2131 titled 'Preservation of Archeological Collections from the Western Arctic Parklands,' has been reviewed by NPS and DOI leadership. Any questions regarding this determination should be addressed through your associated Regional Director or Associate Director.",83788.91
2218,Disapproved,IMR,Intermountain,ARCH,Arches National Park,park unit,Arches National Park,38.7079,-109.5955,"THE STUDENT CONSERVATION ASSOCIATION, INC.",Park Ranger Interns at Southeast Utah Group Parks,15.931 Youth and Veteran Organizations Conservation Projects,Youth and veteran conservation corps,2026-08-07,"This project at the Southeast Utah Group (SEUG) parks will support two youth interns for 23 weeks as they learn career skills in public engagement, education, and stewardship. Interns will greet visitors at the park’s information center, help with trip planning, issue permits, lead short talks and walks, assist with school groups, and support Junior Ranger activities. Each intern will receive direct mentoring and hands-on training to work confidently with the public. The project gives young people meaningful experience while improving services for visitors and strengthening connections to the park.","Without funding, SEUG parks will lose essential visitor support, fewer educational programs will be offered, and young people will miss valuable career training and mentorship. Reduced staffing will limit the public’s ability to receive trip-planning help, safety guidance, and meaningful connections to the park.","5/26/2026: NPS Review complete. Ready for DOI Review 05/27/2026: Submitted for DOI review. 08/07/2026: Disapproved by DOI. Your financial assistance request, FAST # 2218 titled 'Park Ranger Interns at Southeast Utah Group Parks,' has been reviewed by NPS and DOI leadership. Any questions regarding this determination should be addressed through your associated Regional Director or Associate Director.",51783.36
3209,Disapproved,IMR,Intermountain,AZRU,Aztec Ruins National Monument,park unit,Aztec Ruins National Monument,36.8355,-108.0017,Great Basin Institute,Museum Documentation Project Research Associate,15.946 Cultural Resources Management,Cultural resources management,2026-08-07,"The project will complete documentation research into legacy accession and loan documentation for museum collections held for over a century by Aztec Ruins National Monument. The primary focus will be on complex accessions related to early investigations by the American Museum of Natural History (1910s-1920s). The final products will include updated accession descriptions reconciling data in the Accession Files, Collection Management Database accession records, and custodial documentation; updated loan documentation for materials owned by other institutions and physically held by NPS; identification of additional materials potentially eligible for repatriation under the Native American Graves Protection and Repatriation Act (NAGPRA); and preparation of documentation for NAGPRA-related tribal consultation.","This extension is required to ensure synthetic reports and documentation for reparative actions from the voluminous work during the project can be completed. Without this final project phase, research conclusions will not be incorporated into park documentation for the benefit of park resource managers, tribes, researchers, and the public.","7/8/2026: Submitted for DOI review. 08/07/2026: Disapproved by DOI. Your financial assistance request, FAST # 3209 titled 'Museum Documentation Project Research Associate,' has been reviewed by NPS and DOI leadership. Any questions regarding this determination should be addressed through your associated Regional Director or Associate Director.",100606.92
1912,Disapproved,AKR,Alaska,BELA,Bering Land Bridge National Preserve,park unit,Bering Land Bridge National Preserve,65.9227,-164.1741,"THE STUDENT CONSERVATION ASSOCIATION, INC.",Visitor Services and Environmental Education Internship,15.931 Youth and Veteran Organizations Conservation Projects,Youth and veteran conservation corps,2026-08-07,"This project provides two youth interns with hands-on experience in visitor services and environmental education while supporting public programs at Bering Land Bridge National Preserve. Activities include staffing the Heritage Center, leading interpretive talks, delivering in-person and virtual education programs, updating curriculum, and creating new learning materials. The interns will also manage distance learning sessions, contribute to social media outreach, and assist with community events. Deliverables include updated educational resources, a sustainable virtual program schedule, and new interpretive content. Outcomes include improved visitor engagement, stronger community partnerships, and enhanced educational opportunities for local schools and remote learners.","Without funding, the Heritage Center will lack essential support for visitor services and educational programs, reducing community engagement and limiting access to environmental education for schools and remote learners. This gap would weaken public understanding and stewardship of the preserve’s globally significant resources.","06/03/2026: NPS review complete. Ready for DOI review. 06/10/2026: Submitted for DOI review. 08/07/2026: Disapproved by DOI. Your financial assistance request, FAST # 1912 titled 'Visitor Services and Environmental Education Internship,' has been reviewed by NPS and DOI leadership. Any questions regarding this determination should be addressed through your associated Regional Director or Associate Director.",49962.24
2747,Disapproved,NER,Northeast,BOHA,Boston Harbor Islands National Recreation Area,park unit,Boston Harbor Islands National Recreation Area,42.2621,-70.8758,Student Conservation Association,"Digital History Internship, National Parks of Boston Harbor",15.931 Youth and Veteran Organizations Conservation Projects,Youth and veteran conservation corps,2026-08-07,"This project will support a Digital History Intern who will collaborate with the National Park Service’s Digital Humanities and Innovation Team to develop and manage digital public history content for the National Parks of Boston. The intern will be trained in National Park Service digital platforms, industry-standard creative tools, and web development practices while helping create public exhibitions, improve website functionality, and prepare digital assets for use across online and on-site platforms for visitors. Their work will include supporting app and kiosk development, producing educational content on themes such as immigration and the Underground Railroad, and helping expand digital classroom resources. By strengthening the park’s digital storytelling and accessibility, this project ensures that the National Parks of Boston remain open, engaging, and informative for the public while aligning with Secretary Orders 3426, 3434, and 3435.","If the project isn't fulfilled, there will be reduced public access to cultural resources, a lack of public awareness of park stories, and missed opportunities for young individuals to gain valuable career-readiness skills.","6/16/2026: NPS review complete. Ready for DOI review. 06/17/2026: Submitted for DOI review. 08/07/2026: Disapproved by DOI. Your financial assistance request, FAST # 2747 titled 'Digital History Internship, National Parks of Boston Harbor,' has been reviewed by NPS and DOI leadership. Any questions regarding this determination should be addressed through your associated Regional Director or Associate Director.",72736.61
2910,Disapproved,IMR,Intermountain,BRCA,Bryce Canyon National Park,park unit,Bryce Canyon National Park,37.5708,-112.1856,The Great Basin Institute,Archival Processing Support For Bryce Canyon National Park,15.946 Cultural Resources Management,Cultural resources management,2026-08-07,"The purpose of this project is to support museum and archives capacity and resource management of Bryce Canyon National Park collections. The project involves coordinating with research coordinators to review permit applications, communicating curation responsibilities to Principal Investigators, securing outstanding deliverables including specimens collected under permit and associated documentation, investigating 168 historical permits to recover unreported specimens and associated documents, managing necessary museum loans, and accessioning and cataloging all recovered specimens and associated documents in compliance with NPS museum management standards.","If this project is not completed, vital research specimens and associated data will remain lost or undocumented, parks will stay out of compliance with federal museum requirements, and managers will lack the scientific information needed for informed decisions, resulting in permanent gaps in collections and diminished resource stewardship.","6/30/2026: Project abstract needs work. Abstract should clearly describe the goal of the project, tasks/activities, and intended deliverables and outcomes. 7/1/2026: Revised project abstract. NPS review complete. Ready for DOI review. 7/8/2026: Submitted for DOI review. 08/07/2026: Disapproved by DOI. Your financial assistance request, FAST # 2910 titled 'Archival Processing Support For Bryce Canyon National Park,' has been reviewed by NPS and DOI leadership. Any questions regarding this determination should be addressed through your associated Regional Director or Associate Director.",70988.75
1234,Disapproved,NER,Northeast,CACO,Cape Cod National Seashore,park unit,Cape Cod National Seashore,42.0503,-70.0873,Great Basin Institute,Archeological Overview and Assessment at Cape Cod National Seashore,15.946 Cultural Resources Management,Cultural resources management,2026-08-07,"This project will provide a Research Associate with training in professional archaeology GIS and digital site management standards, principles, and procedures. The Research Associate will receive hands-on experience with researching, organizing, and updating digital site data through the applied process and development of electronic site records using the Cultural Resources Inventory System Archeological Data Reliability Evaluation (CADRE). In order to assist Cape Cod National Seashore in compliance with the Archaeological Resources Protection Act (ARPA), National Historic Preservation Act (NHPA) Section 110, NPS Management Policy 2006, and DO28 (28a) the Research Associate will evaluate and update the Cultural Resources Information System (CRIS-AR)).","Without the award, the research associate will be unable to make the necessary trips to Cape Code National Seashore to complete their work, which aims to improve the efficiency and accuracy of our inventory data and processes. This would leave the work unfinished and delay subsequent project phases.","03/24/2026: Submitted for DOI review. 08/07/2026: Disapproved by DOI. Your financial assistance request, FAST # 1234 titled 'Archeological Overview and Assessment at Cape Cod National Seashore,' has been reviewed by NPS and DOI leadership. Any questions regarding this determination should be addressed through your associated Regional Director or Associate Director.",101972.83
2142,Disapproved,IMR,Intermountain,CARE,Capitol Reef National Park,park unit,Capitol Reef National Park,38.1706,-111.1427,Great Basin Institute,Capitol Reef National Park Archeology and Historic Preservation,15.946 Cultural Resources Management,Cultural resources management,2026-08-07,"This project will contribute to the management and protection of cultural resources at Capitol Reef National Park while facilitating the streamlined compliance process for high priority deferred maintenance and infrastructure projects that impact park operations and improve visitor experience. The position will assist with park project planning and compliance with the Section 106 of the National Historic Preservation Act through documentary, archival, and collections research; field investigations, analysis and management of collected data; professional report writing; and preparing consultation documentation with the Utah State Historic Preservation Officer (SHPO).","Without funding, this project will not proceed resulting in challenges and delays in managing cultural resources at the park in support of planning and compliance for high priority park projects in service of national priorities.","05/19/2026: Submitted for DOI review. 08/07/2026: Disapproved by DOI. Your financial assistance request, FAST # 2142 titled 'Capitol Reef National Park Archeology and Historic Preservation,' has been reviewed by NPS and DOI leadership. Any questions regarding this determination should be addressed through your associated Regional Director or Associate Director.",100322.29
2335,Disapproved,NER,Northeast,CHBA,Chesapeake Bay Office / Chesapeake Gateways Network,"office, program, or network","Annapolis, Maryland",38.9786,-76.4928,National Experienced Workforce Solutions,CHBA ESP Destination Development Consultation Support,15.011 Experienced Services Program,Experienced Services Program,2026-08-07,"The Experienced Services Program (ESP) helps the National Park Service (NPS) meet critical staffing and technical needs by bringing in experienced professionals on a temporary basis to support park operations, administrative functions, and priority projects. The program provides cost-effective expertise that supports NPS mission goals, strengthens services to the public, and assists parks in addressing immediate operational challenges while long-term solutions are developed. This project will support Chesapeake Gateways through branding and marketing assistance, development of a Network toolkit, and targeted support for partner marketing initiatives. The ESP enrollee will support Chesapeake Gateways branding within regional tourism efforts by assessing current practices, researching successful partnership models, developing a comprehensive tourism partnership toolkit and piloting the tool kit with 2-3 Gateway partners.","Without this project, Chesapeake Gateways will have limited capacity to provide coordinated branding, marketing, and technical assistance to Network partners, reducing opportunities to strengthen visitor engagement, regional tourism collaboration, and community-based economic benefits across the Chesapeake Bay watershed.","7/8/2026: Submitted for DOI review. 08/07/2026: Disapproved by DOI. Your financial assistance request, FAST # 2335 titled 'CHBA ESP Destination Development Consultation Support,' has been reviewed by NPS and DOI leadership. Any questions regarding this determination should be addressed through your associated Regional Director or Associate Director.",49329.00
2339,Disapproved,NER,Northeast,CHBA,Chesapeake Bay Office / Chesapeake Gateways Network,"office, program, or network","Annapolis, Maryland",38.9786,-76.4928,NATIONAL EXPERIENCED WORKFORCE SOLUTIONS,Experienced Services Program Interpretive Planning,15.011 Experienced Services Program,Experienced Services Program,2026-08-07,The Recipient will provide an enrollee under the Experienced Services Program to support Interpretive Planning for the Chesapeake Gateways Network. This project will refresh and modernize the Chesapeake Gateways Network Interpretive Planning Toolkit using current interpretive best practices and storytelling approaches. Through a focused pilot supporting 3–4 Network sites—primarily aligned with America 250 (F250) and Revolutionary War 250 initiatives—the updated toolkit will be applied to develop site-specific interpretive plans. Lessons learned will inform broader Network-wide implementation in advance of upcoming semiquincentennial programming.,"If not awarded, the Chesapeake Gateways Network will lack a modernized interpretive planning toolkit and coordinated pilot support for F250 and Revolutionary War 250 initiatives. Network sites may miss opportunities to deliver cohesive, high-quality semiquincentennial programming and risk fragmented storytelling during a nationally significant commemorative period.","7/8/2026: Submitted for DOI review. 08/07/2026: Disapproved by DOI. Your financial assistance request, FAST # 2339 titled 'Experienced Services Program Interpretive Planning ,' has been reviewed by NPS and DOI leadership. Any questions regarding this determination should be addressed through your associated Regional Director or Associate Director.",49329.00
2387,Disapproved,NER,Northeast,CHBA,Chesapeake Bay Office / Chesapeake Gateways Network,"office, program, or network","Annapolis, Maryland",38.9786,-76.4928,NATIONAL EXPERIENCED WORKFORCE SOLUTIONS,Chesapeake Outdoor Recreation Economy Support,15.011 Experienced Services Program,Experienced Services Program,2026-08-07,"This project will evaluate how the Chesapeake Bay region's outdoor recreation economy is represented in national and state economic datasets by reviewing existing methodologies, identifying data gaps, and assessing whether important sectors such as boating, fishing, heritage tourism, paddling, and working waterfronts are accurately captured. Through stakeholder engagement, analysis, and strategic planning, the project will develop recommendations and an action plan to improve data quality, strengthen regional coordination, and help Chesapeake Bay partners better demonstrate the economic value of outdoor recreation to support future investments, funding opportunities, and decision-making.","If not awarded, Chesapeake Gateways and its partners will lack the data analysis, stakeholder coordination, and strategic planning needed to accurately represent the region’s outdoor recreation economy. Opportunities to improve economic outcomes, strengthen partnerships, and address gaps in recreation data and reporting across the watershed could be delayed or missed.","7/8/2026: Submitted for DOI review. 08/07/2026: Disapproved by DOI. Your financial assistance request, FAST # 2387 titled ' Chesapeake Outdoor Recreation Economy Support,' has been reviewed by NPS and DOI leadership. Any questions regarding this determination should be addressed through your associated Regional Director or Associate Director.",49329.00
2396,Disapproved,NER,Northeast,CHBA,Chesapeake Bay Office / Chesapeake Gateways Network,"office, program, or network","Annapolis, Maryland",38.9786,-76.4928,National Experienced Workforce Solutions,Chesapeake Watershed Conservation Strategy Support,15.011 Experienced Services Program,Experienced Services Program,2026-08-07,"The Recipient will provide an enrollee under the Experienced Services Program, who will conduct research, analysis, and synthesis of conservation models, case studies, and partnership frameworks (including landscape-scale initiatives, conservation finance tools, and governance structures) to identify approaches relevant to Chesapeake Bay watershed priorities.","If not awarded, opportunities to advance coordinated, landscape-scale conservation across the Chesapeake Bay watershed may be delayed or lost. This would limit partner collaboration, reduce the ability to identify and implement innovative conservation strategies, and hinder progress toward shared stewardship, connectivity, and long-term resilience goals across the region.","7/8/2026: Submitted for DOI review. 08/07/2026: Disapproved by DOI. Your financial assistance request, FAST # 2396 titled 'Chesapeake Watershed Conservation Strategy Support,' has been reviewed by NPS and DOI leadership. Any questions regarding this determination should be addressed through your associated Regional Director or Associate Director.",49329.00
2397,Disapproved,NER,Northeast,CHBA,Chesapeake Bay Office / Chesapeake Gateways Network,"office, program, or network","Annapolis, Maryland",38.9786,-76.4928,National Experienced Workforce Solutions,Landscape Resilience and Partner Support for Chesapeake Sentinel Landscapes,15.011 Experienced Services Program,Experienced Services Program,2026-08-07,"This project will support the identification and tracking of land parcels within Sentinel Landscape regions that are important to advancing the goals of the Sentinel Landscapes Program, including preserving military readiness, conserving natural resources, supporting agriculture and working lands, improving habitat resilience, fostering partnerships, and expanding community recreational opportunities. Identifying priority parcels within and near Sentinel Landscapes is important because it helps focus conservation and land-use efforts on areas where protection and strategic management can provide the greatest benefits across multiple objectives, including preserving compatible land uses, sustaining ecosystem functions, and maintaining long-term landscape connectivity. The Sentinel Landscapes Partnership is a collaborative effort among the Department of War, Department of Agriculture, and Department of the Interior.","If not awarded, opportunities to identify and advance conservation and compatibility projects supporting military readiness and landscape-scale resilience across the Chesapeake watershed may be delayed or missed. This would reduce coordination among partners, limit strategic conservation planning efforts, and hinder development of future investment priorities.","7/8/2026: Submitted for DOI review. 08/07/2026: Disapproved by DOI. Your financial assistance request, FAST # 2397 titled 'Landscape Resilience and Partner Support for Chesapeake Sentinel Landscapes ,' has been reviewed by NPS and DOI leadership. Any questions regarding this determination should be addressed through your associated Regional Director or Associate Director.",49329.00
2440,Disapproved,NER,Northeast,CHBA,Chesapeake Bay Office / Chesapeake Gateways Network,"office, program, or network","Annapolis, Maryland",38.9786,-76.4928,NATIONAL EXPERIENCED WORKFORCE SOLUTIONS,Chesapeake Gateway Network Experiences Support,15.011 Experienced Services Program,Experienced Services Program,2026-08-07,"This project will strengthen the Chesapeake Gateways Network by recruiting an experienced worker to identify and recruit to join the Network high-quality experiences such as guided tours, walks, rides, and sails. Through targeted outreach and tailored technical assistance, the position will accelerate partner onboarding and expand Network outdoor recreation and heritage tourism opportunities available to the public. This work directly advances the National Park Service’s responsibilities under the Chesapeake Bay Initiative Act of 1998 to enhance public access, interpretation, and stewardship across the watershed.","If not awarded, the National Park Service will lack surge capacity to strategically recruit and support new Experiences partners within the Chesapeake Gateways Network, slowing expansion and reducing geographic and sector representation. This will limit the agency’s ability to efficiently fulfill its mandate under the Chesapeake Bay Initiative Act.","7/8/2026: Submitted for DOI review. 08/07/2026: Disapproved by DOI. Your financial assistance request, FAST # 2440 titled 'Chesapeake Gateway Network Experiences Support,' has been reviewed by NPS and DOI leadership. Any questions regarding this determination should be addressed through your associated Regional Director or Associate Director.",49329.00
2441,Disapproved,NER,Northeast,CHBA,Chesapeake Bay Office / Chesapeake Gateways Network,"office, program, or network","Annapolis, Maryland",38.9786,-76.4928,NATIONAL EXPERIENCED WORKFORCE SOLUTIONS,Cheseapeake Bay Storytellers Support,15.011 Experienced Services Program,Experienced Services Program,2026-08-07,"This project will modernize and scale the Chesapeake Bay Storytellers training program for the Chesapeake Gateways Network by developing a modular curriculum, certification framework, and sustainable delivery model. The effort strengthens interpretive excellence and partner capacity, enhancing the National Park Service’s ability to effectively carry out its statutory mandate under the Chesapeake Bay Initiative Act.","If not awarded, the National Park Service will lack capacity to modernize and scale storytelling training across the Chesapeake Gateways Network, resulting in inconsistent interpretive quality and reduced partner engagement—limiting the agency’s effectiveness in fulfilling its mandate under the Chesapeake Bay Initiative Act.","7/8/2026: Submitted for DOI review. 08/07/2026: Disapproved by DOI. Your financial assistance request, FAST # 2441 titled 'Cheseapeake Bay Storytellers Support,' has been reviewed by NPS and DOI leadership. Any questions regarding this determination should be addressed through your associated Regional Director or Associate Director.",49329.00
2445,Disapproved,NER,Northeast,CHBA,Chesapeake Bay Office / Chesapeake Gateways Network,"office, program, or network","Annapolis, Maryland",38.9786,-76.4928,NATIONAL EXPERIENCED WORKFORCE SOLUTIONS,Chesapeake Bay Network Site Accessibility Planning Support,15.011 Experienced Services Program,Experienced Services Program,2026-08-07,"This project will conduct site assessments, accessibility audits, feasibility reviews, and stakeholder engagement activities at Chesapeake Gateway locations to identify barriers, infrastructure needs, environmental resilience issues, and opportunities for improving public access and visitor experiences. The work will produce concept-level recommendations, implementation plans, funding strategies, and communication materials that help Chesapeake Bay Gateways and its partners prioritize projects, pursue grants and partnerships, and advance long-term accessibility, recreation, and resilience goals across the network.","If not awarded, Chesapeake Gateways and its partners may lack the capacity to assess accessibility, public access, environmental conditions, and visitor needs at priority sites. Planning, stakeholder coordination, and development of actionable strategies, funding opportunities, and implementation frameworks for future improvements could be delayed or limited.","7/8/2026: Submitted for DOI review. 08/07/2026: Disapproved by DOI. Your financial assistance request, FAST # 2445 titled 'Chesapeake Bay Network Site Accessibility Planning Support,' has been reviewed by NPS and DOI leadership. Any questions regarding this determination should be addressed through your associated Regional Director or Associate Director.",49329.00
1968,Disapproved,IMR,Intermountain,CHIC,Chickasaw National Recreation Area,park unit,Chickasaw National Recreation Area,34.4555,-96.9977,National Council on Public History,Comprehensive Administrative History of Chickasaw National Recreation Area,15.945 Cooperative Research and Training Programs (CESU),Research and training (CESU),2026-08-07,"This project will produce the first complete administrative history of Chickasaw National Recreation Area, covering 1902–2024. A project historian will synthesize prior studies, conduct new primary-source research, and complete 15–20 oral history interviews with staff, partners, and community members. The work includes creating a fully documented narrative, developing supporting materials such as maps, photographs, and appendices, and preparing a print-ready final report. All collected materials will be archived for long-term public and park use and will support future management, interpretation, and tribal engagement.","If not funded critical information in an administrative history (e.g. land acquisition history, co-management issues, tornado recovery) may remain uncollected or at risk of permanent loss. Park managers will lack a complete, reliable historical record to guide decision-making, interpretation, and tribal consultation.","05/07/2026: Submitted for DOI review. 08/07/2026: Disapproved by DOI. Your financial assistance request, FAST # 1968 titled 'Comprehensive Administrative History of Chickasaw National Recreation Area,' has been reviewed by NPS and DOI leadership. Any questions regarding this determination should be addressed through your associated Regional Director or Associate Director.",200700.00
1261,Disapproved,WASO,National (WASO),CRAD,Cultural Resources Directorate,"office, program, or network","NPS headquarters, Washington, DC",38.8939,-77.0427,New Solutions,Web and Print Media Program 508 compliance.,15.011 Experienced Services Program,Experienced Services Program,2026-08-07,"This project will support the Cultural Resources Directorate in converting and consolidating web and print media into a comprehensive document repository. The focus will be on ensuring that all materials meet accessibility and compliance standards. Key activities include organizing existing information and records to enhance access for users. The project aims to improve the management of cultural resources, benefiting researchers, educators, and the public.",If additional funding is not approved the Government will lose significant inexpensive labor to complete mandatory tasks.,"03/24/2026: Submitted for DOI review. 08/07/2026: Disapproved by DOI. Your financial assistance request, FAST # 1261 titled 'Web and Print Media Program 508 compliance,' has been reviewed by NPS and DOI leadership. Any questions regarding this determination should be addressed through your associated Regional Director or Associate Director.",60429.00
1674,Disapproved,PWR,Pacific West,CRMO,Craters of the Moon National Monument and Preserve,park unit,Craters of the Moon National Monument and Preserve,43.4044,-113.5061,THE GREAT BASIN INSTITUTE,"Geographic Information System (GIS) Specialist for South Idaho Parks, Upper Columbia Basin Network, and Nez Perce National Historic Sites",15.931 Youth and Veteran Organizations Conservation Projects,Youth and veteran conservation corps,2026-08-07,"This project will hire a youth Geographic Information System (GIS) Specialist research associate to support the Resources Divisions at South Idaho Parks (Craters of the Moon National Monument and Preserve, Hagerman Fossil Beds National Monument, and Minidoka National Historic Site), Upper Columbia Basin Network, and Nez Perce National Historic Sites. The intern will organize existing spatial data, modernize data collection methods, and create clear digital tools such as maps, surveys, and dashboards. The GIS specialist will work with staff to standardize how information is collected, stored, and documented so data is easier to find and use. The project will also secure older records to be preserved for long-term use. The work will provide staff with reliable information that supports better planning, resource care, and day-to-day decision-making.","Without support, South Idaho Parks, Upper Columbia Basin Network, and Nez Perce National Historic Sites will continue to face disorganized data, outdated methods, and the risk of losing important information as staff changes. These gaps would lead to slower decisions, reduced efficiency, and weaker protection of park resources.","6/5/2026: NPS review complete. Ready for DOI review. 06/10/2026: Submitted for DOI review. 08/07/2026: Disapproved by DOI. Your financial assistance request, FAST # 1674 titled 'Geographic Information System (GIS) Specialist for South Idaho Parks, Upper Columbia Basin Network, and Nez Perce National Historic Sites,' has been reviewed by NPS and DOI leadership. Any questions regarding this determination should be addressed through your associated Regional Director or Associate Director.",102731.07
2104,Disapproved,PWR,Pacific West,CRMO,Craters of the Moon National Monument and Preserve,park unit,Craters of the Moon National Monument and Preserve,43.4044,-113.5061,"National Experienced Workforce Solutions, Inc.",Craters of the Moon Communications and Public Affairs,15.011 Experienced Services Program,Experienced Services Program,2026-08-07,"The Recipient will provide an enrollee under the Experienced Services Program, who will assist Southern Idaho Parks (Craters of the Moon National Monument and Preserve, Hagerman Fossil Beds National Monument, and Minidoka National Historic Site) with strategic communications and public affairs, as well as Centennial celebration planning for the park. This includes strategic communication plans and liaising with the Pacific West Regional Office as well as copyediting park-level documents.","If these tasks are not completed, there could be a significant breakdown in communication, leading to misinformation and disorganization during critical events. Additionally, the lack of proper documentation and media training may hinder the effectiveness of public outreach efforts, damaging the organization's reputation and stakeholder relations.","06/23/2026: Abstract edited, ready for DOI review. 06/24/2026: Submitted for DOI review. 08/07/2026: Disapproved by DOI. Your financial assistance request, FAST # 2104 titled 'Craters of the Moon Communications and Public Affairs,' has been reviewed by NPS and DOI leadership. Any questions regarding this determination should be addressed through your associated Regional Director or Associate Director.",15000.00
2683,Disapproved,PWR,Pacific West,CRMO,Craters of the Moon National Monument and Preserve,park unit,Craters of the Moon National Monument and Preserve,43.4044,-113.5061,The Great Basin Institute,Resource Associates at Southern Idaho Parks,15.931 Youth and Veteran Organizations Conservation Projects,Youth and veteran conservation corps,2026-08-07,"Interns and resource associates will support natural and cultural resource management across three parks in southern Idaho (Craters of the Moon National Monument and Preserve, Hagerman Fossil Beds National Monument, and Minidoka National Historic Site). Activities include surveying and treating invasive plants, monitoring native vegetation, maintaining equipment, and assisting with restoration planning. A GIS associate will organize and analyze spatial data, develop digital tools, and train staff in mapping technologies. Participants will work alongside park staff, gaining hands-on experience in land stewardship, data collection, and project implementation. Deliverables include vegetation treatment records, GIS products, reports, and improved resource management capacity. The project benefits park ecosystems, staff, and interns preparing for careers in conservation and land management.","Without extension, invasive plant treatment and vegetation monitoring will be delayed, risking long-term ecological damage. GIS support for resource planning will be reduced, limiting data-driven decision-making. The opportunity to train future conservation professionals and strengthen park resource management will be lost.","06/03/2026: Submitted for DOI review.. 08/07/2026: Disapproved by DOI. Your financial assistance request, FAST # 2683 titled 'Resource Associates at Southern Idaho Parks,' has been reviewed by NPS and DOI leadership. Any questions regarding this determination should be addressed through your associated Regional Director or Associate Director.",33950.25
1821,Disapproved,AKR,Alaska,DENA,Denali National Park and Preserve,park unit,Denali National Park and Preserve,63.3263,-150.603,"THE STUDENT CONSERVATION ASSOCIATION, INC.",Denali National Park and Preserve Kennels Youth Intern Program,15.931 Youth and Veteran Organizations Conservation Projects,Youth and veteran conservation corps,2026-08-07,"This project places three youth interns for 25 weeks at the historic sled dog kennels in Denali National Park and Preserve. Interns will learn hands-on dog care, training, winter travel, and visitor engagement skills. They will support daily kennel operations, help train sled dogs, assist with winter patrol preparation, and share the story of sled dog traditions with visitors. The project provides practical skills in animal care, outdoor safety, and public communication. Outcomes include well-cared-for dogs, informed visitors, safer winter patrols, and youth gaining job skills that support future conservation careers.","Without funding, kennel operations will lose essential support, reducing dog care capacity, limiting winter patrol readiness, and decreasing visitor engagement. The project is necessary to improve and enhance the care for the National Park Service animals.","5/26/2026: NPS Review Complete, Ready for DOI Review. 05/27/2026: Submitted for DOI review. 08/07/2026: Disapproved by DOI. Your financial assistance request, FAST # 1821 titled 'Denali National Park and Preserve Kennels Youth Intern Program,' has been reviewed by NPS and DOI leadership. Any questions regarding this determination should be addressed through your associated Regional Director or Associate Director.",90000.76
2020,Disapproved,PWR,Pacific West,DEVA,Death Valley National Park,park unit,Death Valley National Park,36.5668,-117.1388,The Great Basin Institute,Cultural Resource Specialist - Priority Infrastructure and Resource Work,15.946 Cultural Resources Management,Cultural resources management,2026-08-07,"This project will develop and support a cultural resource specialist who will assist the park by completing priority National Environmental Policy Act and National Historic Preservation Act Section 106 compliance activities. This will result in expedited project work for the park, including quicker responses for the construction, maintenance, and repair of infrastructure, natural and cultural resource projects, and projects to maintain historic properties in Death Valley National Park for the benefit and safety of visitors.","If unfunded, response times on NHPA and NEPA compliance will continue to lengthen resulting in missed deadlines for contracting priority project work which will result in additional delays and costs to taxpayers. Priority repairs, maintenance, and construction of infrastructure projects will not be completed as quickly.","6/30/2026: NPS review complete. Ready for DOI review. 07/01/2026: Submitted for DOI review. 08/07/2026: Disapproved by DOI. Your financial assistance request, FAST # 2020 titled 'Cultural Resource Specialist - Priority Infrastructure and Resource Work,' has been reviewed by NPS and DOI leadership. Any questions regarding this determination should be addressed through your associated Regional Director or Associate Director.",136526.71
2271,Disapproved,PWR,Pacific West,DEVA,Death Valley National Park,park unit,Death Valley National Park,36.5668,-117.1388,The Great Basin Institute,Historic Preservation Specialist -- Scotty's Castle,15.946 Cultural Resources Management,Cultural resources management,2026-08-07,"This project will develop and support at least one Historic Preservation Worker (HPW) who will assist Death Valley National Park (DEVA) by working on priority historic preservation and historic infrastructure and building projects using traditional trade skills at Scotty’s Castle and other priority historic sites and landscapes in DEVA. This will result in expedited maintenance work for DEVA, including quicker responses to damage, and quicker repair of infrastructure, and cultural resource sites and buildings. The work will directly improve DEVA’s capacity to complete mission priority preservation and maintenance projects, maintain historic properties, protect cultural resources, and improve visitor safety and experiences.",Infrastructure and important historic buildings and sites at Death Valley will be neglected and look in poorer condition to the visiting public. Some buildings or sites may become unsafe for visitors due to lack of maintenance and preservation and access may have to be reduced.,"06/12/2026: Abstract edited. Ready for DOI review. 06/17/2026: Submitted for DOI review. 08/07/2026: Disapproved by DOI. Your financial assistance request, FAST # 2271 titled 'Historic Preservation Specialist -- Scotty's Castle,' has been reviewed by NPS and DOI leadership. Any questions regarding this determination should be addressed through your associated Regional Director or Associate Director.",81313.62
2664,Disapproved,PWR,Pacific West,DEVA,Death Valley National Park,park unit,Death Valley National Park,36.5668,-117.1388,The Great Basin Institute,Cultural Compliance and Data Management for Unpaved Road-Repair,15.946 Cultural Resources Management,Cultural resources management,2026-08-07,"The Recipient will recruit cultural resource research associates (RAs) to support the management of cultural resources along roads impacted by recent major floods in Death Valley National Park (DEVA). RAs will support review and quality control of contractor and incident management cultural resource data control, and integrating new and updated cultural resource data into park systems for long term information management. RAs will also assist in the completion of National Environmental Policy Act (NEPA) and National Historic Preservation Act (NHPA) Section 106 consultation and compliance necessary to enable efficient maintenance and repair of flood impacted unpaved roads in DEVA following recent major flood events.","Without this support, the park will not be able to manage cultural resources for this and future flooding along the selected road corridors quickly. Compliance will be delayed and unsafe roads will not be repaired in a timely manner. This will delay reopening roads to the public.","06/12/2026: Abstract edited. Ready for DOI review. 06/17/2026: Submitted for DOI review. 08/07/2026: Disapproved by DOI. Your financial assistance request, FAST # 2664 titled 'Cultural Compliance and Data Management for Unpaved Road-Repair,' has been reviewed by NPS and DOI leadership. Any questions regarding this determination should be addressed through your associated Regional Director or Associate Director.",1033983.77
3144,Disapproved,PWR,Pacific West,DEVA,Death Valley National Park,park unit,Death Valley National Park,36.5668,-117.1388,Great Basin Institute,Death Valley Abandoned Mines Lands Projects,15.946 Cultural Resources Management,Cultural resources management,2026-08-07,"In accordance with the conservation and visitor enjoyment requirements of the NPS Organic Act the recipient will provide contractors to help with National Environmental Policy Act and National Historic Preservation Act Section 106 compliance activities for the closure of abandoned mine sites and historic preservation of mine sites in the park in order to reduce public safety hazards, and preserve historic resources that show the importance of mining in American history. As required by law, NPS will be substantially involved in the project by preparing needed compliance and permitting documentation, determining the appropriate remediation techniques, and provide federal oversight.","Without this agreement, various abandoned mineland projects will not take place and the hazardous conditions at these abandoned mine sites will continue to endanger public safety and these historic structures will continue to deteriorate becoming unsafe and we could lose important pieces of American mining history.","7/7/2026: NPS review complete. Ready for DOI review. 7/8/2026: Submitted for DOI review. 08/07/2026: Disapproved by DOI. Your financial assistance request, FAST # 3144 titled 'Death Valley Abandoned Mines Lands Projects,' has been reviewed by NPS and DOI leadership. Any questions regarding this determination should be addressed through your associated Regional Director or Associate Director.",30000.00
3042,Disapproved,MWR,Midwest,EFMO,Effigy Mounds National Monument,park unit,Effigy Mounds National Monument,43.0914,-91.2083,Forest Stewards Guild,Hazard Tree Removal in Sny Magill Unit in Accordance with Cultural Landscape Report,15.945 Cooperative Research and Training Programs (CESU),Research and training (CESU),2026-08-07,This amendment will continue the implementation of the cultural landscape report to remove trees from the Native American mounds and their near vicinity to prevent destruction of the mounds. This amendment provides funding to remove additional hazard trees from the Sny Magill unit that contains the most Native American mounds in one location known in the United States (approximately 106).,"If this amendment is not awarded, the mounds at Sny Magill will remain at risk from tree fall that might expose the human remains buried within these mounds. Sixty-one of the proposed tree removals are currently within a mound risking severe damage should the tree fall.","7/6/2026: Reviewer updated TA start date to match project period of performance in Grant Solutions. NPS review complete. Ready for DOI review. 7/8/2026: Submitted for DOI review. 08/07/2026: Disapproved by DOI. Your financial assistance request, FAST # 3042 titled 'Hazard Tree Removal in Sny Magill Unit in Accordance with Cultural Landscape Report,' has been reviewed by NPS and DOI leadership. Any questions regarding this determination should be addressed through your associated Regional Director or Associate Director.",80597.00
1971,Disapproved,IMR,Intermountain,FLFO,Florissant Fossil Beds National Monument,park unit,Florissant Fossil Beds National Monument,38.9126,-105.286,The Great Basin Institute,"Catalog, Conserve, and Digitize Florissant Fossil Beds National Monument Archives for Preservation and Access, Phase 2",15.946 Cultural Resources Management,Cultural resources management,2026-08-07,"Tasks accomplished by way of this agreement provide opportunities for public participation in Park mandated undertakings. By processing the archives, they are made accessible to the public and park staff for purposes of planning which supports NPS-28: Cultural Resource Management Guideline. Finding Aids will be published on the park website. Participants will develop programs and activities that will result in expanding the opportunities available for public engagement in the areas of interpretation, education, and volunteerism. This agreement will result in participants having access to authoritative subject matter expertise in Cultural Resources Management, and provide them with job training and education.","If this project is not awarded, the Florissant Fossil Beds National Monument archive collection will not be properly conserved or readily available to the public.","05/13/26: Abstract updated. Ready for DOI review. 05/19/2026: Submitted for DOI review. 08/07/2026: Disapproved by DOI. Your financial assistance request, FAST # 1971 titled 'Catalog, Conserve, and Digitize Florissant Fossil Beds National Monument Archives for Preservation and Access, Phase 2,' has been reviewed by NPS and DOI leadership. Any questions regarding this determination should be addressed through your associated Regional Director or Associate Director.",74670.00
1389,Disapproved,NER,Northeast,GATE,Gateway National Recreation Area,park unit,Gateway National Recreation Area,40.5986,-73.8571,"The Student Conservation Association, Inc.",Leave No Trace Community Stewardship Internship Program,15.931 Youth and Veteran Organizations Conservation Projects,Youth and veteran conservation corps,2026-08-07,"This internship program at Gateway National Recreation Area will provide opportunities for interns to lead stewardship activities such as beach cleanups to involve both youth and community members in hands-on volunteer service. Interns will also participate in at least one community event to promote environmental stewardship and engage broader audiences, and create interpretive products for the park’s website or social media platforms to reach virtual visitors and highlight ongoing stewardship work. This project will also support direct public-safety education by placing trained interns at bayside swimming areas to explain the dangers of fast-moving currents and rapidly changing tides, an intervention shown to be more effective than signage alone in preventing drownings.","If this project is not awarded, then important safety and visitor services work will not occur.","05/26/2026: If this is a modification, previous funding section needs to be completed. Funding source needs to be identified. 06/02/2026: NPS review complete. Ready for DOI review. 06/03/2026: Submitted for DOI review. 08/07/2026: Disapproved by DOI. Your financial assistance request, FAST # 1389 titled 'Leave No Trace Community Stewardship Internship Program,' has been reviewed by NPS and DOI leadership. Any questions regarding this determination should be addressed through your associated Regional Director or Associate Director.",13330.69
3210,Disapproved,IMR,Intermountain,GLAC,Glacier National Park,park unit,Glacier National Park,48.6189,-113.7563,Great Basin Institute,Glacier National Park Archives Cataloging,15.946 Cultural Resources Management,Cultural resources management,2026-08-07,"Research Associates will complete archives projects to address Glacier National Park's cataloging backlog which include to identify records for appropriate disposal or retention, to prepare and organize permanent records, to select appropriate archival housing to protect the records, and to generate a catalog record in the form of a finding aid, providing intellectual access so researchers can understand the content of the collections. The Research Associates will also help with projects to conserve and rehouse oversized maps and drawings and will digitize fragile items. Work will also involve inventorying and processing photo collections and creating metadata that makes items accessible for researchers and the public.","Without this project, Glacier National Park’s cataloging backlog will not be reduced, and important records will not be available for use by staff or researchers, as uncataloged records cannot be used. Records will degrade, as they are currently stored in acidic folders and boxes.","7/8/2026: Submitted for DOI review. 08/07/2026: Disapproved by DOI. Your financial assistance request, FAST # 3210 titled 'Glacier National Park Archives Cataloging,' has been reviewed by NPS and DOI leadership. Any questions regarding this determination should be addressed through your associated Regional Director or Associate Director.",49000.00
1371,Disapproved,IMR,Intermountain,GLCA,Glen Canyon National Recreation Area,park unit,Glen Canyon National Recreation Area,37.398,-110.8021,THE GREAT BASIN INSTITUTE,Youth Fish Conservation Project at Glen Canyon National Recreation Area,15.931 Youth and Veteran Organizations Conservation Projects,Youth and veteran conservation corps,2026-08-07,"This project provides two Research Associates for twelve months to support efforts to protect native fish by monitoring and removing non-native species that pose high ecological risk. The technician will assist field biologists with fish surveys, removal efforts, and data collection. Work includes safely operating hand tools and following strict protective-equipment requirements, including flotation devices, gloves, eye and hearing protection, and durable boots. Deliverables include completed monitoring trips, removal records, and field reports. Native fish populations and downstream ecosystems benefit from reduced predation and competition from harmful non-native species.","Without funding, harmful non-native fish will continue to spread, increasing risks to native species and reducing the effectiveness of ongoing aquatic restoration efforts. Two downstream fish species in Grand Canyon National Park will be directly impacted.","06/10/2026: Submitted for DOI review. 08/07/2026: Disapproved by DOI. Your financial assistance request, FAST # 1371 titled 'Youth Fish Conservation Project at Glen Canyon National Recreation Area,' has been reviewed by NPS and DOI leadership. Any questions regarding this determination should be addressed through your associated Regional Director or Associate Director.",160035.77
2067,Disapproved,IMR,Intermountain,GLCA,Glen Canyon National Recreation Area,park unit,Glen Canyon National Recreation Area,37.398,-110.8021,The Great Basin Institute,Archeology Research on Lake Powell,15.946 Cultural Resources Management,Cultural resources management,2026-08-07,"This project will provide archeological survey of 3000 acres of newly exposed shoreline around Lake Powell within Glen Canyon National Recreation Area. The work is being completed as part of an ongoing response to rapidly dropping lake levels resulting in exposure and impacts to cultural resources as the reservoir drops. Lake Powell contains approximately 2000 miles of shorelines, and an estimated 500-1000 previously submerged archeological sites have already become exposed due to dropping water levels, resulting in increased impacts and threats to cultural resources.","If the project is not awarded, the park will not be able to complete required assessments and management of archeological sites that are exposed as Lake Powell drops. This could result in increased negative impacts to cultural resources.","05/13/26: Abstract updated to add park unit. Ready for DOI review. 05/19/2026: Submitted for DOI review. 08/07/2026: Disapproved by DOI. Your financial assistance request, FAST # 2067 titled 'Archeology Research on Lake Powell,' has been reviewed by NPS and DOI leadership. Any questions regarding this determination should be addressed through your associated Regional Director or Associate Director.",799885.02
2122,Disapproved,IMR,Intermountain,GLCA,Glen Canyon National Recreation Area,park unit,Glen Canyon National Recreation Area,37.398,-110.8021,The Great Basin Institute,Cultural Resources Support For Archeological Inventory and Assessments,15.946 Cultural Resources Management,Cultural resources management,2026-08-07,"This project will provide technical support to complete a funded cultural resources survey. The funded project aims to conduct an archaeological survey to document cultural resources and assess the impacts of visitors in areas within Glen Canyon National Recreation Area that are experiencing increasing recreation. The current task agreement will provide partner support for ongoing fieldwork, complete data management, update archaeological databases with results, document resource damage, and summarize information for use in visitor-centered programs","If this project is not funded, then we will not complete the full archeological survey project, complete documentation of impacts to resources, or complete research summaries to be used in visitor-centered educational programs.","05/19/2026: Submitted for DOI approval. 08/07/2026: Disapproved by DOI. Your financial assistance request, FAST # 2122 titled 'Cultural Resources Support For Archeological Inventory and Assessments,' has been reviewed by NPS and DOI leadership. Any questions regarding this determination should be addressed through your associated Regional Director or Associate Director.",20000.00
2558,Disapproved,IMR,Intermountain,GLCA,Glen Canyon National Recreation Area,park unit,Glen Canyon National Recreation Area,37.398,-110.8021,The Great Basin Institute,Compliance and Permitting Support for Priority Park Projects,15.946 Cultural Resources Management,Cultural resources management,2026-08-07,"This project provides essential compliance and permitting support to Glen Canyon National Recreation Area by adding a Compliance Specialist who will assist with carrying out review requirements under National Environmental Policy Act, National Historic Preservation Act, and related federal laws. The position will help evaluate project impacts to natural and cultural resources, coordinate interdisciplinary review, and ensure timely, legally sound implementation of priority park projects.","Without this project, the park would not be able keep pace with urgent compliance demands tied to low water conditions and critical infrastructure needs. Delays would heighten risks to natural and cultural resources, stall priority projects, and impair the park’s ability to maintain access, services, and responsible resource stewardship.","6/9/2026: NPS review complete. Ready for DOI review. 06/10/2026: Submitted for DOI review. 08/07/2026: Disapproved by DOI. Your financial assistance request, FAST # 2558 titled 'Compliance and Permitting Support for Priority Park Projects,' has been reviewed by NPS and DOI leadership. Any questions regarding this determination should be addressed through your associated Regional Director or Associate Director.",138571.91
1803,Disapproved,PWR,Pacific West,GOGA,Golden Gate National Recreation Area,park unit,Golden Gate National Recreation Area,37.9468,-122.6876,Great Basin Institute,Support Cultural Resources Management at Golden Gate National Recreation Area,15.946 Cultural Resources Management,Cultural resources management,2026-08-07,"This project will support cultural resources management at Golden Gate National Recreation. The first objective will be to support the park archives and collections program including identifying objects that are appropriate for deaccession to reduce the size of the collection and increase the overall program sustainability. The second objective is to provide support for park infrastructure projects' National Historic Preservation Act Section 106 review and compliance. This project supports Secretarial Priority 6: Conserving Species, Lands, Waters and Heritage and Secretarial Priority and Secretarial Priority 5: Recreational and Traditional Use of Lands and Waters and Secretarial Priority 10: Efficiency, Effectiveness, Security and Accountability of Government Operations.","If not awarded, critical park infrastructure and public access projects will not be able to be completed and the public will not be able to access historic images and documents housed by our archives. Efficiencies will be lost in terms of archives operations and compliance.","06/09/2026: Abstract is insufficient and does not meet DOI or OMB policy requirements. Abstract must detail the activities to be performed by the Recipient and the deliverables and expected outcomes. Abstracts must also address how this FA agreement supports Departmental or Administration priorities. 06/24/2026: Submitted for DOI review. 08/07/2026: Disapproved by DOI. Your financial assistance request, FAST # 1803 titled 'Support Cultural Resources Management at Golden Gate National Recreation Area,' has been reviewed by NPS and DOI leadership. Any questions regarding this determination should be addressed through your associated Regional Director or Associate Director.",309358.00
1954,Disapproved,PWR,Pacific West,GOGA,Golden Gate National Recreation Area,park unit,Golden Gate National Recreation Area,37.9468,-122.6876,Golden Gate National Parks Conservancy,Hazardous Tree Mitigation and Fuels Reduction,15.944 Natural Resource Stewardship,Natural resource stewardship,2026-08-07,"This project improves safety and protects park resources through the removal of hazardous trees and reduction of fire-prone vegetation at Golden Gate National Recreation Area. Work will focus on the removal of both native and non-native standing dead trees, limbing to improve line of sight and address hazardous overhead conditions, and reducing accumulated ground fuels, including downed woody debris. Crews will carry out this work in priority areas near communities, along trails, and in wooded locations using methods like cutting, chipping, hauling, and limited herbicide use to prevent regrowth.","This project reduces wildfire risk and falling tree hazards by removing hazardous trees and excess fuels. It improves public safety, protects park resources and infrastructure, and reduces threats to nearby communities. It also supports safer access, better visibility, and lowers long-term maintenance and emergency response needs.","05/13/2026: Added park unit to abstract. Ready for DOI review. 05/19/2026: Submitted for DOI review. 08/07/2026: Disapproved by DOI. Your financial assistance request, FAST # 1954 titled 'Hazardous Tree Mitigation and Fuels Reduction,' has been reviewed by NPS and DOI leadership. Any questions regarding this determination should be addressed through your associated Regional Director or Associate Director.",1375000.00
1996,Disapproved,PWR,Pacific West,GOGA,Golden Gate National Recreation Area,park unit,Golden Gate National Recreation Area,37.9468,-122.6876,San Francisco Zoological Society,Partnership to Support Conservation and Headstart Actions for the Endangered San Francisco Gartersnake,15.944 Natural Resource Stewardship,Natural resource stewardship,2026-08-07,"The cooperative agreement would facilitate a headstart project for the endangered San Francisco gartersnake between the San Francisco Zoo and Golden Gate National Recreation Area in an effort to prevent extinction. Female snakes would be obtained from donor site, the juvenile snakes reared at the Zoo and then released at recipient and donor sites. The action is intended to increase population size and genetic diversity. This agreement will additionally support monitoring and restoration actions (limited) at the recipient site.","The snake population at Mori Point is about to go extinct (population estmated 6, 2024) and in the absence of this award, the headstart project will not occur and the Mori Point population is likely to go extinct in a few years.","05/13/2026: Abstract updated. Ready for DOI review. 05/19/2026: Submitted for DOI review. 08/07/2026: Disapproved by DOI. Your financial assistance request, FAST # 1996 titled 'Partnership to Support Conservation and Headstart Actions for the Endangered San Francisco Gartersnake,' has been reviewed by NPS and DOI leadership. Any questions regarding this determination should be addressed through your associated Regional Director or Associate Director.",72130.00
2008,Disapproved,PWR,Pacific West,GOGA,Golden Gate National Recreation Area,park unit,Golden Gate National Recreation Area,37.9468,-122.6876,GOLDEN GATE NATIONAL PARKS CONSERVANCY,Employ Local High School Youth with the Golden Gate Park Internship Experience,15.931 Youth and Veteran Organizations Conservation Projects,Youth and veteran conservation corps,2026-08-07,"The Golden Gate Park Internship Experience (GOGA PIE) provides paid, conservation-focused internships for 22 local high school students and young adults at sites throughout the Golden Gate National Recreation Area. Through hands-on fieldwork, visitor engagement roles, and weekly professional development, interns gain practical skills, mentorship, and pathways toward future careers in conservation, public service, and related fields. This project expands access to meaningful workforce and learning opportunities while strengthening gateway community connections to national parks.","Without this funding, 22 local youth would lose access to paid workforce opportunities that build career skills, support economic stability, and foster strong gateway community connections to national parks.","05/07/2026: Submitted for DOI review. 08/07/2026: Disapproved by DOI. Your financial assistance request, FAST # 2008 titled 'Employ Local High School Youth with the Golden Gate Park Internship Experience,' has been reviewed by NPS and DOI leadership. Any questions regarding this determination should be addressed through your associated Regional Director or Associate Director.",55890.00
2883,Disapproved,PWR,Pacific West,GOGA,Golden Gate National Recreation Area,park unit,Golden Gate National Recreation Area,37.9468,-122.6876,Golden Gate National Parks Conservancy,Plant Propagation and Restoration in Golden Gate National Recreation Area,15.944 Natural Resource Stewardship,Natural resource stewardship,2026-08-07,"This project will support a collaboration between the Golden Gate National Parks Conservancy (GGNPC) and Golden Gate National Recreation Area (GGNRA) to utilize the established skills and infrastructure of the GGNPC nursery program to provide native plants for ongoing and planned restoration activities throughout GGNRA lands, allow for continued volunteer engagement with the GGNPC nursery program, and implement plant community restoration activities in disturbed or degraded habitats throughout GGNPC.","Significant loss of landscape-level stewardship progress toward lower-maintenance, fire-resilient, healthy landscapes throughout the Park. Loss of already-invested monies due to reversion of Park lands to degraded conditions. Degradation of landscape value from unmanaged and unenhanced vegetation communities.","7/15/2026: NPS review complete. Ready for DOI review. 7/15/2026: Submitted for DOI review. 08/07/2026: Disapproved by DOI. Your financial assistance request, FAST # 2883 titled 'Plant Propagation and Restoration in Golden Gate National Recreation Area,' has been reviewed by NPS and DOI leadership. Any questions regarding this determination should be addressed through your associated Regional Director or Associate Director.",120530.46
1981,Disapproved,IMR,Intermountain,GRSA,Great Sand Dunes National Park and Preserve,park unit,Great Sand Dunes National Park and Preserve,37.7669,-105.613,THE GREAT BASIN INSTITUTE,Two Interpretation Youth Interns at Great Sand Dunes National Park and Preserve,15.931 Youth and Veteran Organizations Conservation Projects,Youth and veteran conservation corps,2026-08-07,This project will enable the park to provide experience for one youth intern for one-year terms and maintain a higher level of interpretive programming and roving patrols for preventative search and rescue while contacting visitors in busy areas. The intern would maintain capacity for seven day per week visitor center operations and ensure regular interpretive program offerings during the busier months of the year.,"Without funding, Great Sand Dunes National Park and Preserve would have increased difficulty in providing visitor services as mandated by SO 3426 (open and accessible). The park would also not be able to provide interpretive programing and an increase in medical incidents with a lack of roving and informal interpretation.","05/07/2026: Submitted for DOI review. 6/2/2026: Updates to project Funding, title, and abstract per FAAO. FAST 2733 duplicate entry. 08/07/2026: Disapproved by DOI. Your financial assistance request, FAST # 1981 titled 'Interpretation Youth Intern at Great Sand Dunes National Park and Preserve,' has been reviewed by NPS and DOI leadership. Any questions regarding this determination should be addressed through your associated Regional Director or Associate Director.",71007.38
2242,Disapproved,PWR,Pacific West,HALE,Haleakala National Park,park unit,Haleakala National Park,20.6994,-156.1326,"THE STUDENT CONSERVATION ASSOCIATION, INC.",Integrated Resources Management Internships,15.931 Youth and Veteran Organizations Conservation Projects,Youth and veteran conservation corps,2026-08-07,"This project offers internships at Haleakala National Park for college students and recent graduates, focusing on natural resources projects, invasive species removal, botany, wildlife, and cultural resources. Interns will engage in hands-on resource management tasks, including invasive plant control, endangered species monitoring, and archeological surveys. Participants will gain valuable experience while contributing to conservation efforts, benefiting both their careers and the preservation of Hawaii's unique natural resources while reducing wildfire risk.","Without funding, fire threat to the park and natural resources will increase and hinder vital resource management efforts at the park.","5/26/2026: NPS review complete. Ready for DOI review. 05/27/2026: Submitted for DOI review. 08/07/2026: Disapproved by DOI. Your financial assistance request, FAST # 2242 titled 'Integrated Resources Management Internships,' has been reviewed by NPS and DOI leadership. Any questions regarding this determination should be addressed through your associated Regional Director or Associate Director.",116475.64
1252,Disapproved,PWR,Pacific West,HAVO,Hawai'i Volcanoes National Park,park unit,Hawai'i Volcanoes National Park,19.3031,-155.2395,Great Basin Institute,Technical Assistance to Create Public Access to Hawaii Volcanoes National Park Archives and Museum Collections and support Native American Graves Repatriation Act compliance,15.946 Cultural Resources Management,Cultural resources management,2026-08-07,"This project will provide technical expertise to help Hawai‘i Volcanoes National Park improve the processing and care of its archival materials, federal records, and museum collections. Work includes organizing records, supporting research requests, digitizing materials, assisting with preservation tasks, and ensuring public access to archives. The project also supports compliance with laws related to recordkeeping and repatriation and the Native American Graves Repatriation Act. These efforts help park managers make informed decisions that protect resources, maintain safe visitor access, and support community needs.","Without funding, essential records and collections may remain unprocessed or inaccessible, limiting informed decision-making, public research access, and compliance with preservation and repatriation requirements and the Native American Graves Repatriation Act.","03/19/26: Corrected park name in title and abstract. 03/24/2026: Submitted for DOI review. 08/07/2026: Disapproved by DOI. Your financial assistance request, FAST # 1252 titled 'Technical Assistance to Create Public Access to Hawaii Volcanoes National Park Archives and Museum Collections and support Native American Graves Repatriation Act compliance,' has been reviewed by NPS and DOI leadership. Any questions regarding this determination should be addressed through your associated Regional Director or Associate Director.",97457.03
2458,Disapproved,WASO,National (WASO),HPTC,Historic Preservation Training Center,"office, program, or network","Frederick, Maryland",39.3663,-77.3882,Great Basin Institute,Facilities Management Interns at Historic Preservation Training Center,15.931 Youth and Veteran Organizations Conservation Projects,Youth and veteran conservation corps,2026-08-07,"This project will support a cohort of young adults participating in the Build Up Technical Internship Program, a partnership between the Historic Preservation Training Center, Great Basin Institute, and the National Park Service Youth Programs Division. Interns will be placed at National Park Service offices to support facilities management and related technical projects. Through mentorship from National Park Service staff, participants will gain hands-on experience in project planning, program administration, facility planning, architecture, engineering, geographic information systems, reporting, and communications. Their contributions will help advance major projects that improve the maintenance and preservation of public lands and enhance the visitor experience nationwide.","If this project is not awarded, then critical facility maintenance projects across multiple parks will not occur.","06/23/2026: NPS review complete. Ready for DOI review. 06/24/2026: Submitted for DOI review. 08/07/2026: Disapproved by DOI. Your financial assistance request, FAST # 2458 titled 'Facilities Management Interns at Historic Preservation Training Center,' has been reviewed by NPS and DOI leadership. Any questions regarding this determination should be addressed through your associated Regional Director or Associate Director.",500000.00
2657,Disapproved,IMR,Intermountain,IMRO,Intermountain Regional Office,"office, program, or network","Lakewood, Colorado",39.7008,-105.1426,Great Basin Institute,Create Developmental Opportunities for Emerging Professionals in Historic Preservation Disciplines: Cultural Landscapes,15.946 Cultural Resources Management,Cultural resources management,2026-08-07,"The Intermountain (IMRO) Historic Preservation Services (HPS) Program proposes to initiate a partnership with the Great Basin Institute (GBI) to develop opportunities for emerging professionals interested in enhancing their knowledge and experience in historic preservation theory and practice. The current agreement will allow for a single placement in the discipline of Cultural Landscapes. The individual selected will engage in projects ranging from the evaluation and assessment of historic properties, the development of CLI records for the national inventory, review of and engagement in the production of CLIs and CLRs, data analysis and development of treatment recommendations aimed at reducing deferred maintenance and ensuring safe and regular public access to some of the region's most significant and visible assets. The technical HPS team will provide mentorship and training, as well as general support for the CL specialist as they develop skills and knowledge in historic preservation.","If this project isn't awarded, tasks to be assigned to the individual placement will not be completed. This will leave several parks without knowledge necessary for decision-making aimed at maintaining highly visible resources. This work is critical to ensuring safe and regular access to the public and reducing deferred maintenance.","6/11/2026: Update needed: Abstract should describe project related detail, specific tasks and outcomes. Project abstract resembles NPS hiring, not outcomes from recipient and public purpose/substantial involvement. 6/22/2026: FAAO/ATR updated abstract with additional project outcomes. NPS review complete. Ready for DOI review. 06/24/2026: Submitted for DOI review. 08/07/2026: Disapproved by DOI. Your financial assistance request, FAST # 2657 titled 'Create Developmental Opportunities for Emerging Professionals in Historic Preservation Disciplines: Cultural Landscapes,' has been reviewed by NPS and DOI leadership. Any questions regarding this determination should be addressed through your associated Regional Director or Associate Director.",120715.55
974,Disapproved,PWR,Pacific West,JODA,John Day Fossil Beds National Monument,park unit,John Day Fossil Beds National Monument,44.5383,-119.6483,The Great Basin Institute,John Day Fossil Beds Administrative History Research Associate,15.946 Cultural Resources Management,Cultural resources management,2026-08-07,"This agreement will provide a Research Associate position to update the Administrative History for John Day Fossil Beds National Monument. This updated administrative history will document how the park has been managed over time, drawing on archives, photos, graphics, and interviews with staff and partners. The updated history will support informed decision making, preserve institutional knowledge, and provide for and engage with the public.","If not awarded, the park could risk doing actions over again and could continue to be slow in preparing for future actions due to loss of institutional knowledge impacting the park, administrative capacity, and visitor experience.","6/16/2026: Project abstract needs work. Review for overall consistency, information, and quality. 6/24/2026: Revised project abstract and impact. NPS review complete. Ready for DOI review. 07/01/2026: Submitted for DOI review. 08/07/2026: Disapproved by DOI. Your financial assistance request, FAST # 974 titled 'John Day Fossil Beds Administrative History Research Associate ,' has been reviewed by NPS and DOI leadership. Any questions regarding this determination should be addressed through your associated Regional Director or Associate Director.",29425.46
1721,Disapproved,PWR,Pacific West,JOTR,Joshua Tree National Park,park unit,Joshua Tree National Park,33.8993,-115.9533,THE GREAT BASIN INSTITUTE,Geographic Information System Technicians at Joshua Tree National Park,15.931 Youth and Veteran Organizations Conservation Projects,Youth and veteran conservation corps,2026-08-07,"This project will enhance Geographic Information System (GIS) support at Joshua Tree National Park, focusing on cultural, natural resource, and endangered species management. Great Basin Institute technicians' tasks will include creating project documents for compliance, managing GIS data for fire response, providing staff training, and developing new databases. These efforts will help ensure the effective preservation of park resources, improve trail management, and enhance emergency response capabilities, benefiting park staff and the visiting public through improved resource management processes.","Without funding, the impact would have an effect on operations for fees, park planning, and resource management, including fire and law enforcement emergency response capabilities.","05/07/2026: Submitted for DOI review. 08/07/2026: Disapproved by DOI. Your financial assistance request, FAST # 1721 titled 'Geographic Information System Technicians at Joshua Tree National Park,' has been reviewed by NPS and DOI leadership. Any questions regarding this determination should be addressed through your associated Regional Director or Associate Director.",42995.94
1790,Disapproved,PWR,Pacific West,JOTR,Joshua Tree National Park,park unit,Joshua Tree National Park,33.8993,-115.9533,The Great Basin Institute,Fire Preparedness Vegetation Management,15.931 Youth and Veteran Organizations Conservation Projects,Youth and veteran conservation corps,2026-08-07,The purpose of this project is to improve fire management decision making at Joshua Tree National Park. This project will support a fire preparedness vegetation specialist who will provide data and decision support to managers that will be used in critical emergency situations. This will improve fire response times and decrease costs associated with fire suppression.,"If this work is not completed, the park will be unable to fight wildfire. Fires will be larger and fire suppression will be more expensive. Visitors will see fewer Joshua trees in Joshua Tree National Park.","05/19/2026: Submitted for DOI review. 08/07/2026: Disapproved by DOI. Your financial assistance request, FAST # 1790 titled 'Fire Preparedness Vegetation Management,' has been reviewed by NPS and DOI leadership. Any questions regarding this determination should be addressed through your associated Regional Director or Associate Director.",40906.82
2146,Disapproved,PWR,Pacific West,JOTR,Joshua Tree National Park,park unit,Joshua Tree National Park,33.8993,-115.9533,The Great Basin Institute,Proactive Plant Materials at Joshua Tree National Park,15.931 Youth and Veteran Organizations Conservation Projects,Youth and veteran conservation corps,2026-08-07,"This project at Joshua Tree National Park will support two early-career technicians for 78 weeks. They will help restore areas damaged by wildfire by collecting and planting native seeds, growing plants in a nursery, installing plant protection, reducing invasive plants, and repairing damage from foot and vehicle traffic. The team will map and monitor restoration sites and guide volunteers who assist with the work. The project provides hands-on training for at least four young workers while improving the recovery of native habitats.","Without funding, burned habitats in Joshua Tree National Park will recover slowly, allowing invasive plants to spread and reducing native plant survival. The park would lose critical support for restoration work, delaying habitat recovery and limiting opportunities for youth to gain conservation experience.","05/27/2026: Submitted for DOI review. 08/07/2026: Disapproved by DOI. Your financial assistance request, FAST # 2146 titled 'Proactive Plant Materials at Joshua Tree National Park,' has been reviewed by NPS and DOI leadership. Any questions regarding this determination should be addressed through your associated Regional Director or Associate Director.",218844.51
2147,Disapproved,PWR,Pacific West,JOTR,Joshua Tree National Park,park unit,Joshua Tree National Park,33.8993,-115.9533,THE GREAT BASIN INSTITUTE,Vegetation Management at Joshua Tree National Park,15.931 Youth and Veteran Organizations Conservation Projects,Youth and veteran conservation corps,2026-08-07,"This project at Joshua Tree National Park will place at least two early-career vegetation technicians in year-long positions to help restore burned habitats and protect native plants. Technicians will collect and plant native seeds, grow plants in a nursery, repair damaged areas, and remove invasive species. They will also monitor plant health, map treatments, guide volunteers, and support habitat recovery. The project provides hands-on professional experience for at least four youth while improving the park’s ecological resilience and restoring native plant communities.","Without funding, burned areas in Joshua Tree National Park will recover more slowly, invasive plants will spread, and native species may decline. The park will lose essential restoration support, and youth will miss valuable professional training opportunities that help sustain long-term habitat health.","06/10/2026: Submitted for DOI review. 08/07/2026: Disapproved by DOI. Your financial assistance request, FAST # 2147 titled 'Vegetation Management at Joshua Tree National Park,' has been reviewed by NPS and DOI leadership. Any questions regarding this determination should be addressed through your associated Regional Director or Associate Director.",116713.93
2163,Disapproved,PWR,Pacific West,JOTR,Joshua Tree National Park,park unit,Joshua Tree National Park,33.8993,-115.9533,The Great Basin Institute,Burned Area Rehabilitation and Restoration at Joshua Tree National Park,15.931 Youth and Veteran Organizations Conservation Projects,Youth and veteran conservation corps,2026-08-07,"This project at Joshua Tree National Park will train at least two early-career vegetation technicians to help restore habitats damaged by fire. Participants will collect native seeds, grow plants in a nursery, and plant them in burned areas. They will protect young plants from animals, remove invasive species, monitor vegetation recovery, map project sites, and lead volunteers. The project provides hands-on experience while improving habitat quality, supporting native plant recovery, and reducing long-term damage from past fires.","Without funding, burned areas at Joshua Tree National Park will recover slowly, allowing invasive species to spread and reducing habitat quality for wildlife. The park will lose critical support for restoration work and fewer young professionals will gain needed conservation skills.","05/27/2026: Submitted for DOI review. 08/07/2026: Disapproved by DOI. Your financial assistance request, FAST # 2163 titled 'Burned Area Rehabilitation and Restoration at Joshua Tree National Park,' has been reviewed by NPS and DOI leadership. Any questions regarding this determination should be addressed through your associated Regional Director or Associate Director.",222806.01
2186,Disapproved,PWR,Pacific West,JOTR,Joshua Tree National Park,park unit,Joshua Tree National Park,33.8993,-115.9533,Great Basin Institute,Joshua Tree National Park Historic Preservation Support,15.946 Cultural Resources Management,Cultural resources management,2026-08-07,"Historic Preservation Technicians and Specialists will assist the Park with documentation and preservation treatments, and the repair and stabilization of historic resources. This will include complete documentation of historic buildings, structures, features, and objects to DOI standards. They will also assist the Park in completing Section 106 compliance mitigation stipulations, implement treatments and repairs to historic structures to prevent loss of buildings and ensure safety. This project will assess and address pest and insect infestation and damage to six buildings that are part of Keys Ranch. Tasks include cleaning up the nests and removal of pests (removal reduces risk for hanta virus), repair of structures from damage and installation of barriers or other methods to prevent and reduce damage from pests (primarily rodents).","If the project is not awarded, the Park will not be able to complete deferred maintenance to significant interpreted historic structures and buildings. The park will be out of compliance with the National Historic Preservation Act.","06/24/2026: Submitted for DOI review. 08/07/2026: Disapproved by DOI. Your financial assistance request, FAST # 2186 titled ' Joshua Tree National Park Historic Preservation Support,' has been reviewed by NPS and DOI leadership. Any questions regarding this determination should be addressed through your associated Regional Director or Associate Director.",67680.00
2293,Disapproved,PWR,Pacific West,JOTR,Joshua Tree National Park,park unit,Joshua Tree National Park,33.8993,-115.9533,The Great Basin Institute,"Geospatial Technical Support for Fire, Law Enforcement, Visitor Safety and Park Operations at Joshua Tree National Park",15.931 Youth and Veteran Organizations Conservation Projects,Youth and veteran conservation corps,2026-08-07,"This project at Joshua Tree National Park will hire two early-career technicians to enhance Geographic Information System (GIS) support at Joshua Tree National Park, focusing on fire, cultural, natural resource, and endangered species management. Great Basin Institute technicians' tasks will include creating project documents for compliance, managing GIS data for fire response and burned area rehab, providing staff training, and developing new databases. These efforts will help ensure the effective enhance emergency response capabilities, visitor safety, preservation of park resources, improved trail management, benefiting park staff and the visiting public through improved resource management processes.","Without funding, Joshua Tree National Park will face outdated maps, reduced ability to respond to fires and emergencies, and slower planning for resource protection. Missing this support would limit the park’s ability to make informed decisions and maintain reliable spatial information used by staff and partners.","05/27/2026: Submitted for DOI review. 08/07/2026: Disapproved by DOI. Your financial assistance request, FAST # 2293 titled 'Geospatial Technical Support for Fire, Law Enforcement, Visitor Safety and Park Operations at Joshua Tree National Park,' has been reviewed by NPS and DOI leadership. Any questions regarding this determination should be addressed through your associated Regional Director or Associate Director.",141340.14
2321,Disapproved,PWR,Pacific West,JOTR,Joshua Tree National Park,park unit,Joshua Tree National Park,33.8993,-115.9533,Great Basin Institute,Archeological Technician Support for Section 106 Compliance at Joshua Tree National Park,15.946 Cultural Resources Management,Cultural resources management,2026-08-07,"Great Basin Institute Research Associates will support the archeology program at Joshua Tree National Park by assisting with park planning, project compliance, and resource management needs. This work will help the park meet regulatory requirements under the National Historic Preservation Act, the Organic Act, and the Archaeological Resources Protection Act for several upcoming projects, including trail and campground improvements, road maintenance, and three wildland fire recovery projects. Project tasks include reviewing existing documentation; conducting archeological surveys and monitoring; preparing written reports and Geographic Information System based documentation; and identifying any needed mitigation measures to protect cultural resources.","Without funding, the park will be out of compliance with the National Historic Preservation Act, Organic Act, and Archeological Resources Preservation Act. Reviews and mitigations to projects and fire recovery activities won't happen, increasing the chance of harm to sensitive cultural heritage resources and risking long-term damage.","06/16/2026: Revise project abstract to state specific tasks that recipient will perform and expected outcomes/deliverables. 06/17/2026: Revised project abstract slightly for clarity. NPS review complete. Ready for DOI review. 06/24/2026: Submitted for DOI review. 08/07/2026: Disapproved by DOI. Your financial assistance request, FAST # 2321 titled 'Archeological Technician Support for Section 106 Compliance at Joshua Tree National Park,' has been reviewed by NPS and DOI leadership. Any questions regarding this determination should be addressed through your associated Regional Director or Associate Director.",133118.73
2425,Disapproved,PWR,Pacific West,JOTR,Joshua Tree National Park,park unit,Joshua Tree National Park,33.8993,-115.9533,The Great Basin Institute,Youth Habitat Restoration Crew Project at Joshua Tree National Park,15.931 Youth and Veteran Organizations Conservation Projects,Youth and veteran conservation corps,2026-08-07,"At Joshua Tree National Park, a youth conservation crew of four to five members and one crew leader will complete six two-week field sessions to restore burned and damaged habitats. The crew will collect and plant native seeds, grow plants in a nursery, control invasive species, survey rare plants, and monitor vegetation health. They will also map treatment areas, lead volunteers, and produce annual reports and plant materials for restoration. This project improves habitat recovery, strengthens native plant communities, and provides hands-on conservation training for participating youth and long-term benefits for park ecosystems and visitors.","Without funding, burned areas in Joshua Tree National Park will continue to degrade, invasive plants will spread, and essential habitat recovery will be delayed. The park will lose critical restoration capacity, and youth will miss valuable training and career development opportunities.","6/16/2026: NPS review complete. Ready for DOI review. 06/17/2026: Submitted for DOI review. 08/07/2026: Disapproved by DOI. Your financial assistance request, FAST # 2425 titled 'Youth Habitat Restoration Crew Project at Joshua Tree National Park,' has been reviewed by NPS and DOI leadership. Any questions regarding this determination should be addressed through your associated Regional Director or Associate Director.",107820.58
2479,Disapproved,PWR,Pacific West,JOTR,Joshua Tree National Park,park unit,Joshua Tree National Park,33.8993,-115.9533,THE GREAT BASIN INSTITUTE,Biological and Wildlife Compliance Support for Deferred Maintenance Projects at Joshua Tree National Park,15.931 Youth and Veteran Organizations Conservation Projects,Youth and veteran conservation corps,2026-08-07,"This project at Joshua Tree National Park will hire two youth biological technicians to ensure that road and construction projects protect desert plants and wildlife. The technicians will work alongside construction crews to identify sensitive species, monitor work areas, and make sure crews follow required mitigation measures. They will also train park staff and contractors on avoiding impacts to natural and cultural resources. Deliverables include daily monitoring, activity reports, and documentation of species observed, resulting in safer project execution and improved protection of desert ecosystems.","Without funding, construction crews at Joshua Tree National Park may unintentionally harm sensitive species and habitats, delaying projects and risking long-term ecological damage. The park would lack trained monitors to guide safe construction practices, increasing costs and resource losses.","06/09/2026: NPS review complete. Ready for DOI review. 06/10/2026: Submitted for DOI review. 08/07/2026: Disapproved by DOI. Your financial assistance request, FAST # 2479 titled 'Biological and Wildlife Compliance Support for Deferred Maintenance Projects at Joshua Tree National Park,' has been reviewed by NPS and DOI leadership. Any questions regarding this determination should be addressed through your associated Regional Director or Associate Director.",83451.40
2199,Disapproved,PWR,Pacific West,JUBA,Juan Bautista de Anza National Historic Trail,"office, program, or network","Richmond, California",37.9368,-122.3428,Environmental Education Exchange,Education Program Development and Classroom Presentations,15.935 National Trail System Project,National Trails System,2026-08-07,"This project will bring the curriculum based Exploring the Anza Trail educational program to 190 4th/5th grade classrooms during the 2026-27 school year: 150 in southern Arizona and 40 in southeastern California. Recipient will build curriculum, manage outreach to teachers and school districts, develop and print educational materials, and place a trained presenter in the classrooms. Project is concurrent with the 2026-2027 school year and emphasizes Freedom 250.","If the project is not awarded, youth in AZ and CA will not be exposed to integral historical events that shaped helps shape the American Southwest. Students will miss the opportunity to connect their community's history to events that helped build the US 250 years ago.","5/28/2026: NPS review complete. Ready for DOI review. 06/03/2026: Submitted for DOI review. 08/07/2026: Disapproved by DOI. Your financial assistance request, FAST # 2199 titled 'Education Program Development and Classroom Presentations,' has been reviewed by NPS and DOI leadership. Any questions regarding this determination should be addressed through your associated Regional Director or Associate Director.",84821.00
2864,Disapproved,PWR,Pacific West,JUBA,Juan Bautista de Anza National Historic Trail,"office, program, or network","Richmond, California",37.9368,-122.3428,National Experienced Workforce Solutions,"Experienced Services Progam Support for John Muir, Eugene O'Neill NHS, and Rosie the Riverter/WWII Home Front NHP",15.011 Experienced Services Program,Experienced Services Program,2026-08-07,"This project supports enrollment of candidates at Juan Bautista de Anza National Historic Trail, John Muir NHS, Eugene O'Neill NHS, and Rosie the Riveter/WWII Home Front NHP through the Experienced Workforce Program with expertise in project management, archives/records management, and educational programming. Project adds funding and extends the period of performance of existing positions as well as add additional positions to bring in expertise and skills critical to park operations and public engagement including graphic design, museum management, historic preservation, public history, and a motor vehicle operator with a commercial use license required for public tours.","The NPS will not be able to preserve critical resources, at the affected parks. Public awareness, visitation and accessibility to the park and its resources will be diminished with the lack of the recipient enrollee position support.","7/1/2026: NPS review complete. Ready for DOI review. 7/8/2026: Submitted for DOI review. 08/07/2026: Disapproved by DOI. Your financial assistance request, FAST # 2864 titled 'Experienced Services Progam Support for John Muir, Eugene O'Neill NHS, and Rosie the Riverter/WWII Home Front NHP,' has been reviewed by NPS and DOI leadership. Any questions regarding this determination should be addressed through your associated Regional Director or Associate Director.",45000.00
1772,Disapproved,PWR,Pacific West,KLMN,Klamath Inventory and Monitoring Network,"office, program, or network","Ashland, Oregon",42.1856,-122.6899,THE GREAT BASIN INSTITUTE,Vital Signs Monitoring in Klamath Network Parks,15.931 Youth and Veteran Organizations Conservation Projects,Youth and veteran conservation corps,2026-08-07,"This project engages youth to implement monitoring of natural resources in park units of northern California and southern Oregon. Youth crews will monitor and collect data on resources crucial to park management, including downed fire fuels, water quality, fish populations, and more. These are resources important to the park, either for wildfire knowledge, swimming, fishing, or enjoying the outdoors. This monitoring data is important for the parks to manage using Gold Standard Science.","Without funding, data on park resources (both current status and trends) will be unavailable on key identified resources (fuels, plants, invasive species, water quality, fish populations, etc.). This will prohibit the park from managing the resources under the Restoring Gold Standard Science executive order.","05/07/2026: Submitted for DOI review. 08/07/2026: Disapproved by DOI. Your financial assistance request, FAST # 1772 titled 'Vital Signs Monitoring in Klamath Network Parks,' has been reviewed by NPS and DOI leadership. Any questions regarding this determination should be addressed through your associated Regional Director or Associate Director.",96623.72
2250,Disapproved,PWR,Pacific West,KLMN,Klamath Inventory and Monitoring Network,"office, program, or network","Ashland, Oregon",42.1856,-122.6899,National Experienced Workforce Solutions,Inventory and Monitoring Program Experienced Services Program Support,15.011 Experienced Services Program,Experienced Services Program,2026-08-07,"The recipient will provide enrollees under the Experienced Services Program to support several Inventory and Monitoring Networks in the Pacific West Region by providing experienced enrollees in project management, field support, data management, technical editing, and data science. These efforts increase governmental efficiency, data transparency, public access to data and results of the status of park natural resources. This project supports efforts to ensure NPS uses Gold Standard Science when managing natural resources through improved data.","If not awarded, programs for natural resource management will be less efficient, data produced will not be properly quality controlled and archived, equipment at monitoring stations will not be maintained and deteriorate. Additionally, turning collected data into management actions will slow, and attempts to monitor wildlife disease will be impaired.","06/09/2026: Abstract edited; ready for DOI review. 06/10/2026: Submitted for DOI review. 08/07/2026: Disapproved by DOI. Your financial assistance request, FAST # 2250 titled 'Inventory and Monitoring Program Experienced Services Program Support,' has been reviewed by NPS and DOI leadership. Any questions regarding this determination should be addressed through your associated Regional Director or Associate Director.",158296.00
2071,Disapproved,PWR,Pacific West,LAKE,Lake Mead National Recreation Area,park unit,Lake Mead National Recreation Area,36.2446,-114.3805,Desert Research Institute,"Mapping, Cultural Surveying, and Planning Support for Overton Arm and Government Wash",15.945 Cooperative Research and Training Programs (CESU),Research and training (CESU),2026-08-07,"The Recipient will work closely with Lake Mead National Recreation Area (Park) to support the Park’s effort for recreational planning in two key areas being significantly impacted by low water: Overton Arm and Government Wash. The Recipient will survey and map unapproved roads and nearby potential buried cultural resources to determine the extent of those resources, their proximity to and possible damage from unapproved roads, and to identify potential areas where new approved roads and/or new recreational opportunities can be developed in the vicinity without damage to significant cultural resources. The Recipient will also work closely with the Park to provide expertise for National Environmental Policy Act (NEPA) and National Historic Preservation Act (NHPA) laws and recreational planning associated with developing site-specific management strategies for the defined project areas.",The park will be unable to identify potential locations where new approved roads and/or new recreational opportunities can be developed without damage to significant cultural resources in the project area(s).,"05/18/2026: Abstract edited; ready for DOI review. 05/19/2026: Submitted for DOI review. 08/07/2026: Disapproved by DOI. Your financial assistance request, FAST # 2071 titled 'Mapping, Cultural Surveying, and Planning Support for Overton Arm and Government Wash,' has been reviewed by NPS and DOI leadership. Any questions regarding this determination should be addressed through your associated Regional Director or Associate Director.",3489627.00
2105,Disapproved,PWR,Pacific West,LAKE,Lake Mead National Recreation Area,park unit,Lake Mead National Recreation Area,36.2446,-114.3805,The Great Basin Institute,Nursery Technician at Lake Mead National Recreation Area,15.931 Youth and Veteran Organizations Conservation Projects,Youth and veteran conservation corps,2026-08-07,"This project at Lake Mead National Recreation Area supports a Research Associate who will help grow native plants used to restore damaged natural areas. The intern will collect seeds, clean and grow them, and assist with planting activities. They will also help guide youth crews and conservation teams in nursery and field tasks. The project will produce healthy native plants, improved restoration sites, and trained young workers gaining hands-on experience. The work benefits park ecosystems, visitors, and future land stewardship efforts.","Without funding, the park cannot produce enough native plants for restoration, leaving damaged areas vulnerable to invasive species and continued habitat loss.","05/27/2026: Submitted for DOI review. 08/07/2026: Disapproved by DOI. Your financial assistance request, FAST # 2105 titled 'Nursery Technician at Lake Mead National Recreation Area,' has been reviewed by NPS and DOI leadership. Any questions regarding this determination should be addressed through your associated Regional Director or Associate Director.",109607.02
2206,Disapproved,PWR,Pacific West,LAKE,Lake Mead National Recreation Area,park unit,Lake Mead National Recreation Area,36.2446,-114.3805,The Great Basin Institute,Cultural Support for Lake Mead National Recreation Area,15.946 Cultural Resources Management,Cultural resources management,2026-08-07,"The purpose of this agreement is to add temporary support for Lake Mead National Recreation Area to conduct archeological survey required for compliance with Section 106 of the National Historic Preservation Act associated with mission critical projects (low water, launch ramp extensions, access and recreation, public safety) to support Secretarial Order 3426, and process associated park archives to ensure appropriate levels of documentation are retained and eliminate unnecessary documents.","If this agreement is not executed, the park would not be able to meet Section 106 regulatory requirements for mission critical projects associated with Secretarial Order 3426, low water, public access and recreation, and public safety projects, and would be overburdened with unnecessary documents in park archives.","05/18/2026: Abstract edited; ready for DOI review. 05/19/2026: Submitted for DOI review. 08/07/2026: Disapproved by DOI. Your financial assistance request, FAST # 2206 titled 'Cultural Support for Lake Mead National Recreation Area,' has been reviewed by NPS and DOI leadership. Any questions regarding this determination should be addressed through your associated Regional Director or Associate Director.",240192.97
2433,Disapproved,PWR,Pacific West,LAKE,Lake Mead National Recreation Area,park unit,Lake Mead National Recreation Area,36.2446,-114.3805,The Great Basin Institute,Youth Habitat Restoration and Invasive Plant Management at Lake Mead National Recreation Area,15.931 Youth and Veteran Organizations Conservation Projects,Youth and veteran conservation corps,2026-08-07,"This project at Lake Mead National Recreation Area will engage 20 youth across four hitches in growing native plants and removing invasive weeds using manual techniques (hand pulling) to help restore damaged areas of the Mohave Desert. Youth crews will clean seeds, prepare pots, transplant seedlings, water plants, and maintain the nursery, as well as hand-remove invasive weeds at priority sites in the park. The project will provide hands-on experience and practical skills for young people interested in natural resource careers. Deliverables include healthy native plants, restored sites, and reduced weed spread, benefiting park ecosystems and future visitors.","Without funding, native plant production will drop, invasive weeds will expand, and restoration work at Lake Mead National Recreation Area will fall behind, leaving degraded landscapes and reducing opportunities for youth to gain valuable conservation experience.","06/03/2026: Submitted for DOI review. 08/07/2026: Disapproved by DOI. Your financial assistance request, FAST # 2433 titled 'Youth Habitat Restoration and Invasive Plant Management at Lake Mead National Recreation Area,' has been reviewed by NPS and DOI leadership. Any questions regarding this determination should be addressed through your associated Regional Director or Associate Director.",60270.06
1394,Disapproved,PWR,Pacific West,LARO,Lake Roosevelt National Recreation Area,park unit,Lake Roosevelt National Recreation Area,47.9106,-118.351,"National Experienced Workforce Solutions, Inc.",Lake Roosevelt National Recreation Area Engineering Project Management Experienced Services Program Support,15.011 Experienced Services Program,Experienced Services Program,2026-08-07,"This project will provide technical construction, engineering, and project management advice, guidance, and recommendations to multiple independent projects at Lake Roosevelt National Recreation Area (LARO). The project will support LARO’s Facility Management Division with long-term program planning, technical operational guidance, development of complex construction contracts, review of deliverables, evaluation of ongoing efforts, and technical guidance on performance requirements for active and future projects.","Failure to complete this project would limit the park's ability to manage high-priority construction needs, delay critical infrastructure improvements, and hinder compliance with environmental and cultural requirements. Essential project planning, contracting, and technical oversight would lapse, affecting safety, operations, and long-term stewardship responsibilities.","05/07/2026: Submitted for DOI review. 08/07/2026: Disapproved by DOI. Your financial assistance request, FAST # 1394 titled 'Lake Roosevelt National Recreation Area Engineering Project Management Experienced Services Program Support,' has been reviewed by NPS and DOI leadership. Any questions regarding this determination should be addressed through your associated Regional Director or Associate Director.",67759.00
2011,Disapproved,IMR,Intermountain,LYJO,Lyndon B. Johnson National Historical Park,park unit,Lyndon B. Johnson National Historical Park,30.2516,-98.6251,"The Student Conservation Association, Inc.",Internship for Historic Preservation and Park Maintenance at Lyndon B. Johnson National Historical Park,15.931 Youth and Veteran Organizations Conservation Projects,Youth and veteran conservation corps,2026-08-07,"This project provides an internship for a young adult at Lyndon B. Johnson National Historical Park, focusing on hands-on experience in facility maintenance and historic preservation. The intern will learn through tasks such as masonry repairs, trail preservation, cleaning historic sites, and assisting with educational programs. Beneficiaries include visitors and community members, with expected outcomes of enhanced park infrastructure and increased awareness of conservation careers.","Without funding, the project will miss opportunities to engage a young adult in vital park maintenance and preservation, resulting in deteriorating park facilities and reduced cultural education for visitors. Additionally, having facilities clean will improve visits.","05/19/2026: Submitted for DOI review. 08/07/2026: Disapproved by DOI. Your financial assistance request, FAST # 2011 titled 'Internship for Historic Preservation and Park Maintenance at Lyndon B. Johnson National Historical Park,' has been reviewed by NPS and DOI leadership. Any questions regarding this determination should be addressed through your associated Regional Director or Associate Director.",35628.79
2514,Disapproved,SER,Southeast,MALU,"Martin Luther King, Jr., National Historical Park",park unit,"Martin Luther King, Jr., National Historical Park",33.7549,-84.3717,Association of African American Museums,Historic Auburn Avenue Activation & Interpretive Expansion Initiative,15.955 Martin Luther King Junior National Historic Site and Preservation District,MLK Historic Site preservation,2026-08-07,"Expand interpretation and storytelling throughout Historic Auburn Avenue and the Martin Luther King Historic District by enhancing visitor engagement through digital, multilingual, and immersive technologies. Support collaborative public programming tied to civil rights history, Black entrepreneurship, preservation, and community memory and increase access to culturally responsive educational resources and experiences. Coordinate and manage contractors, consultants, creatives, and preservation specialists necessary to implement project goals to strengthen operational and administrative infrastructure required to sustain project implementation",If unawarded the park will not be able to meet the needs of increased visitation and our commitment to SO 3426 - Ensuring National Parks Are Open and Accessible. New public programming is needed meet the needs of the people while the nation celebrates its 250th birthday.,"6/16/2026: NPS review complete. Ready for DOI review. 06/17/2026: Submitted for DOI review. 08/07/2026: Disapproved by DOI. Your financial assistance request, FAST # 2514 titled 'Historic Auburn Avenue Activation & Interpretive Expansion Initiative,' has been reviewed by NPS and DOI leadership. Any questions regarding this determination should be addressed through your associated Regional Director or Associate Director.",1000000.00
2132,Disapproved,PWR,Pacific West,MANZ,Manzanar National Historic Site,park unit,Manzanar National Historic Site,36.727,-118.153,The Great Basin Institute,Visitor Use Associates to Enhance Visitor Services,15.931 Youth and Veteran Organizations Conservation Projects,Youth and veteran conservation corps,2026-08-07,"This project recruits and manages interns to improve visitor services at Manzanar National Historic Site. Interns will assist at the visitor center, enhance educational programs for school groups, and support archival digitization efforts. They will help research and create content to benefit both in-person and virtual visitors. The project aims to improve public access to the site's historic resources while increasing visitor satisfaction.","Without funding, the visitor services will be limited, resulting in decreased visitor engagement and a lack of vital resources for understanding the historical significance of Manzanar.","05/27/2026: Submitted for DOI review. 08/07/2026: Disapproved by DOI. Your financial assistance request, FAST # 2132 titled 'Visitor Use Associates to Enhance Visitor Services,' has been reviewed by NPS and DOI leadership. Any questions regarding this determination should be addressed through your associated Regional Director or Associate Director.",33988.34
2341,Disapproved,SER,Southeast,MEMY,Medgar and Myrlie Evers Home National Monument,park unit,Medgar and Myrlie Evers Home National Monument,32.3408,-90.2138,Student Conservation Association,Youth Internships at Medgar and Myrlie Evers Home National Monument & Tuskegee Institute National Historic Site,15.931 Youth and Veteran Organizations Conservation Projects,Youth and veteran conservation corps,2026-08-07,"This project will hire two interns at Medgar and Myrlie Evers National Monument that will each serve a twenty week term developing bike and walking tours of significant civil rights sites in the Jackson, Mississippi, area. Under the guidance of the park’s interpretation and education team, they will research the Jackson Movement, identify key locations connected to Medgar and Myrlie Evers, and test tour routes with community leaders, youth groups, and other stakeholders. In addition, this project will hire a maintenance and facilities intern at Tuskegee Institute National Historic Site that will serve a twenty seven week term supporting the preservation and upkeep of the park’s historic and non historic structures. This work will include cleaning building exteriors, preparing and painting surfaces, power washing, landscaping, and assisting with site restoration efforts. The maintenance member may also lead volunteers or visiting work crews, contributing to the long term care and accessibility of these nationally significant sites.","If not awarded, educational and recreational opportunities will be limited to the core of the national monument, visitor enjoyment will be impacted due to unmet facility needs, and historic structures will be vulnerable to continued deterioration.","06/16/2026: Revised project title for clarity. NPS review complete. Ready for DOI review. 06/17/2026: Submitted for DOI review. 08/07/2026: Disapproved by DOI. Your financial assistance request, FAST # 2341 titled 'Youth Internships at Medgar and Myrlie Evers Home National Monument & Tuskegee Institute National Historic Site,' has been reviewed by NPS and DOI leadership. Any questions regarding this determination should be addressed through your associated Regional Director or Associate Director.",86662.32
2024,Disapproved,NER,Northeast,MIMA,Minute Man National Historical Park,park unit,Minute Man National Historical Park,42.4549,-71.2999,Student Conservation Association,Minute Man National Historic Park Preservation Crew 2026,15.931 Youth and Veteran Organizations Conservation Projects,Youth and veteran conservation corps,2026-08-07,"The project will employ a youth work crew at Minute Man National Historical Park (MIMA). The crew will focus on rehabilitating historic wood doors, a walking trail gate and stone walls along a historic walking trail. Working alongside a National Park Service Preservation Specialist, they will document existing conditions and restore architectural elements to match original dimensions and profiles.","If this project is not awarded then critical maintenance work will not occur, impacting visitor safety and experiences across the park sites.","05/27/2026: Submitted for DOI review. 08/07/2026: Disapproved by DOI. Your financial assistance request, FAST # 2024 titled 'Minute Man National Historic Park Preservation Crew 2026,' has been reviewed by NPS and DOI leadership. Any questions regarding this determination should be addressed through your associated Regional Director or Associate Director.",56152.35
2392,Disapproved,PWR,Pacific West,MOJA,Mojave National Preserve,park unit,Mojave National Preserve,35.0972,-115.5394,The Great Basin Institute,Wildlife Technician Support for Ivanpah Valley Desert Tortoise Research Facility,15.931 Youth and Veteran Organizations Conservation Projects,Youth and veteran conservation corps,2026-08-07,"This project will recruit and hire a Research Associate with a background in wildlife ecology. The intern will work out of the Ivanpah Valley Desert Tortoise Research Facility. The primary focus of this intern will be to monitor and care for head-started desert tortoises, conduct radio telemetry work, and conduct tortoise surveys.","Without funding, the monitoring and care of desert tortoises will be compromised, leading to potential declines in their population and hindered conservation efforts.","05/27/2026: Submitted for DOI review. 08/07/2026: Disapproved by DOI. Your financial assistance request, FAST # 2392 titled 'Wildlife Technician Support for Ivanpah Valley Desert Tortoise Research Facility,' has been reviewed by NPS and DOI leadership. Any questions regarding this determination should be addressed through your associated Regional Director or Associate Director.",27950.64
1995,Disapproved,PWR,Pacific West,MOJN,Mojave Desert Inventory and Monitoring Network,"office, program, or network","Boulder City, Nevada",35.9766,-114.8386,Nevada System of Higher Ed - Desert Research Institute,Mojave Desert Network Weather Stations Operations Project,15.945 Cooperative Research and Training Programs (CESU),Research and training (CESU),2026-08-07,"This agreement supports continued operation and maintenance of long-term weather stations that provide essential, real-time climate data for Mojave Desert parks. The Desert Research Institute will service stations, resolve data-delivery issues, manage data storage and archiving, and offer training on web-based climate tools. The network supplies site-specific information used by managers, emergency responders, researchers, and visitors to understand conditions such as flash floods, high winds, wildland fire risk, drought, and other extreme events. Deliverables include sustained station operations, reliable public data products, and reports summarizing annual maintenance and data-management activities.","Without funding, weather stations may fail or fall into disrepair, creating gaps in climate and weather data needed for public safety, emergency operations, and park management. Park closures, warnings, and real-time updates would be less accurate, putting staff, visitors, and surrounding communities at greater risk during extreme weather events.","05/12/2026: Submitted for DOI review. 08/07/2026: Disapproved by DOI. Your financial assistance request, FAST # 1995 titled 'Mojave Desert Network Weather Stations Operations Project,' has been reviewed by NPS and DOI leadership. Any questions regarding this determination should be addressed through your associated Regional Director or Associate Director.",68136.00
2517,Disapproved,PWR,Pacific West,MOJN,Mojave Desert Inventory and Monitoring Network,"office, program, or network","Boulder City, Nevada",35.9766,-114.8386,The Great Basin Institute,"Research Associates to Support Mojave Desert Network (Data, Bat, Ecological Monitoring)",15.931 Youth and Veteran Organizations Conservation Projects,Youth and veteran conservation corps,2026-08-07,"This project aims to enhance the monitoring of natural resources in national parks within the Mojave and Great Basin Deserts of Nevada, Arizona, and California, by collecting long-term ecological data on wildlife, vegetation, and hydrology. Three specialized positions will be filled: a Bat Specialist will conduct bat surveys and manage data, while two Ecological Technicians will monitor vegetation and desert springs. The project will provide valuable data for park management and support conservation efforts, benefiting park ecosystems and their visitors.","Without funding, critical ecological data collection and management will cease, hindering effective conservation efforts and jeopardizing the health of park ecosystems.","06/03/2026: Submitted for DOI review. 08/07/2026: Disapproved by DOI. Your financial assistance request, FAST # 2517 titled 'Research Associates to Support Mojave Desert Network (Data, Bat, Ecological Monitoring),' has been reviewed by NPS and DOI leadership. Any questions regarding this determination should be addressed through your associated Regional Director or Associate Director.",345372.17
2014,Disapproved,PWR,Pacific West,MORA,Mount Rainier National Park,park unit,Mount Rainier National Park,46.8547,-121.7064,THE GREAT BASIN INSTITUTE,Accessibility Specialist at Mount Rainer National Park,15.931 Youth and Veteran Organizations Conservation Projects,Youth and veteran conservation corps,2026-08-07,"This project places one intern at Mount Rainier National Park for 14 weeks and a second intern at Mount Rainier for 24 weeks, to gather and analyze trail and facility data to identify accessibility enhancements necessary to meet the Architectural Barriers Act Accessibility Standards (ABAAS) requirements and to improve access for all. The intern will identify needs for improvements in facilities, services, and park practices in order to meet compliance with ADA standards; assist with reviews of accessibility services and facilities and interviews with employees; and gather trail accessibility information using the park High Efficiency Trail Assessment Process System (HETAP). Tasks include using trail assessment tools, reviewing facilities, photographing accessible areas, and organizing data for park staff. Deliverables include a comprehensive accessibility report, updated trail information, and a photo/video library. Beneficiaries are visitors with disabilities, and the outcome will be improved compliance and visitor experience.","Without funding, accessibility gaps will remain unidentified, limiting safe and inclusive access for all visitors, including visitors with disabilities.","05/07/2026: Submitted for DOI review. 08/07/2026: Disapproved by DOI. Your financial assistance request, FAST # 2014 titled 'Accessibility Specialist at Mount Rainer National Park,' has been reviewed by NPS and DOI leadership. Any questions regarding this determination should be addressed through your associated Regional Director or Associate Director.",38053.96
2470,Disapproved,PWR,Pacific West,MORA,Mount Rainier National Park,park unit,Mount Rainier National Park,46.8547,-121.7064,THE GREAT BASIN INSTITUTE,Mount Rainer Historic Preservation Specialists,15.946 Cultural Resources Management,Cultural resources management,2026-08-07,This project will fund historic preservation specialists to completing required Historic Structures and Culture Landscape Inventories and Reports within the Mount Rainier National Historic Landmark District as part of high priority facility repair and rehabilitation and construction within the park. This work will support the preservation of historic and culturally significant sites and improved visitor facilities and services. The work products are critical to completing compliance for many park operations and projects.,"Without this partner project support, critical documentation required to support preservation of nationally significant elements of the Mount Rainier National Landmark District will not be completed. This could delay work on many priority projects in the park.","06/10/2026: Submitted for DOI review. 08/07/2026: Disapproved by DOI. Your financial assistance request, FAST # 2470 titled 'Mount Rainer Historic Preservation Specialists,' has been reviewed by NPS and DOI leadership. Any questions regarding this determination should be addressed through your associated Regional Director or Associate Director.",128413.17
3108,Disapproved,PWR,Pacific West,MORA,Mount Rainier National Park,park unit,Mount Rainier National Park,46.8547,-121.7064,The Great Basin Institute,Mount Rainier National Park Archaeology,15.946 Cultural Resources Management,Cultural resources management,2026-08-07,"This project provides one partner position to support high priority facilities projects at Mount Rainier National Park. The park is planning and implementing a wastewater treatment facility replacement to improve critical visitor services in the most popular area of the park as well as large-scale road and bridge construction and rehabilitation projects along high use corridors. The archaeologist for this project will add essential capacity at a reasonable cost to ensure the park fulfills obligations agreed upon through consultation, compliance with cultural resource laws including Section 106 of the National Historic Preservation Act and working with Tribal partners to protect significant cultural resources within the project areas.","Without funding, the park may miss critical timelines for essential projects serving over 1.5 million annual visitors. These areas contain culturally significant resources for the public and associated Tribes. Failure to adhere to cultural resource management standards may lead to delays and project cost increases.","07/01/2026: Submitted for DOI review. 08/07/2026: Disapproved by DOI. Your financial assistance request, FAST # 3108 titled 'Mount Rainier National Park Archaeology,' has been reviewed by NPS and DOI leadership. Any questions regarding this determination should be addressed through your associated Regional Director or Associate Director.",111350.01
2121,Disapproved,MWR,Midwest,MWAC,Midwest Archeological Center,"office, program, or network","Lincoln, Nebraska",40.8138,-96.6996,The Great Basin Institute,Provide Archeological and Museum Support to Midwest Region Parks,15.946 Cultural Resources Management,Cultural resources management,2026-08-07,"This project will provide increased capacity for the National Park Service Midwest Archeological Center to deliver critical cultural resource support to multiple park units in the Midwest Region. Cultural resource and support specialists will work alongside Center staff to conduct archeological field investigations, complete compliance reports and documentation, complete archival collections management tasks, and provide key administrative support necessary for park infrastructure and public access projects. This collaboration will allow the Center to better serve parks in the region by increasing capacity to complete field surveys and undertake management of complex park archeological archives, tasks that require qualified professionals, to meet compliance deadlines.","If not awarded, compliance for critical park infrastructure and public access projects will be significantly delayed, and legal mandates to curate and preserve records in perpetuity will not be fulfilled.","06/01/2026: NPS review complete. Ready for DOI review. 06/03/2026: Submitted for DOI review. 08/07/2026: Disapproved by DOI. Your financial assistance request, FAST # 2121 titled 'Provide Archeological and Museum Support to Midwest Region Parks,' has been reviewed by NPS and DOI leadership. Any questions regarding this determination should be addressed through your associated Regional Director or Associate Director.",388834.54
2058,Disapproved,NER,Northeast,NERI,New River Gorge National Park and Preserve,park unit,New River Gorge National Park and Preserve,37.897,-81.0429,"National Experienced Workforce Solutions, Inc.",NERI ESP- IT Support,15.011 Experienced Services Program,Experienced Services Program,2026-08-07,"Recipient will provide an Experienced Services Program enrollee to serve as an IT specialist on project to upgrade the phone systems at New River Gorge Park and Preserve. Enrollee will also provide visitor programming on an as needed basis. IT support will keep the park’s public safety radio system reliable, retire on-premises servers as services move to DOI-managed virtual machines, and continue standardized computer reimaging. This work prevents outages, strengthens cybersecurity, and keeps staff and first responders connected.","Not funding this work risks failing radios during incidents, unmanaged legacy servers, and inconsistent, insecure computer builds. These failures increase cybersecurity exposure, hinder staff productivity, and degrade emergency response, directly affecting visitor and employee safety.","05/19/2026: Submitted for DOI review. 08/07/2026: Disapproved by DOI. Your financial assistance request, FAST # 2058 titled 'NERI ESP- IT Support,' has been reviewed by NPS and DOI leadership. Any questions regarding this determination should be addressed through your associated Regional Director or Associate Director.",59391.00
2346,Disapproved,NER,Northeast,NERO,Northeast Regional Office,"office, program, or network","Philadelphia, Pennsylvania",39.9517,-75.161,Student Conservation Association,Book and Paper Conservation Internship,15.931 Youth and Veteran Organizations Conservation Projects,Youth and veteran conservation corps,2026-08-07,"This project supports a twelve-month internship based in Lowell, Massachusetts, where the intern will work closely with National Park Service conservation professionals on the stewardship and preservation of cultural resources. Throughout the internship, they will help plan and carry out a conservation survey of historic artifacts from the Statue of Liberty National Monument and Ellis Island, gaining hands-on experience with professional preservation practices. The intern will also assist with the conservation treatment of historic works on paper at Saugus Ironworks National Historic Site, contributing to the long-term care of irreplaceable cultural resources. Together, these efforts will strengthen documentation, improve preservation, and enhance readiness for future public access. As a result, more visitors will be able to learn from and engage with these significant historic materials.","If this project is not awarded, then historic artifacts and materials will continue to degrade and will not be available for the public.","06/16/2026: NPS review complete. Ready for DOI review. 06/17/2026: Submitted for DOI review. 08/07/2026: Disapproved by DOI. Your financial assistance request, FAST # 2346 titled 'Book and Paper Conservation Internship,' has been reviewed by NPS and DOI leadership. Any questions regarding this determination should be addressed through your associated Regional Director or Associate Director.",84420.53
2407,Disapproved,NER,Northeast,NERO,Northeast Regional Office,"office, program, or network","Philadelphia, Pennsylvania",39.9517,-75.161,"National Experienced Workforce Solutions, Inc.",Experienced Services Program support for Northeast Region Preservation Assistance,15.011 Experienced Services Program,Experienced Services Program,2026-08-07,"This project provides an Experienced Worker to support core National Park Service preservation responsibilities by reviewing Heritage Documentation Program (Historic American Buildings Survey/Historic American Engineering Record/Historic American Landscapes Survey) documentation and coordinating National Historic Landmark (NHL) plaque production. These are required functions of the Heritage Documentation Program that support Section 106 mitigation (a requirement under the National Historic Preservation Act when historic properties are adversely affected), improve operational efficiency, and provide timely service to parks and partners, implementing Secretary's Order (SO) 3434 (Coordination with Gateway Communities) and SO 3441 (Gold Standard Science). The project advances stewardship of nationally significant historic resources while supporting Department of the Interior facilities in multiple parks (ex: Paterson Great Falls NHP and New River Gorge NP), Gateway Communities, and Department of War facilities (ex: Watervliet Arsenal, Newport Naval Shipyard).","If not awarded, opportunities to identify and document nationally significant resources in communities throughout the Northeast may be delayed or missed. This would reduce coordination among community, state, and federal partners. Additionally, completed mitigation measures related to compliance will be delayed resulting in inefficiencies.","6/16/2026: Project abstract needs work. Tasks, activities, and intended outcomes should be in narrative format rather than bullet points. 6/30/2026: NPS review complete. Ready for DOI review. 07/01/2026: Submitted for DOI review. 07/02/2026: Abstract updated. 08/07/2026: Disapproved by DOI. Your financial assistance request, FAST # 2407 titled 'Experienced Services Program support for Northeast Region Preservation Assistance,' has been reviewed by NPS and DOI leadership. Any questions regarding this determination should be addressed through your associated Regional Director or Associate Director.",100000.00
1352,Disapproved,WASO,National (WASO),NRSS,Natural Resource Stewardship and Science directorate,"office, program, or network","NPS headquarters, Washington, DC",38.8939,-77.0427,Colorado State University,Publications Process Improvement and Editorial Support for Science Reporting,15.945 Cooperative Research and Training Programs (CESU),Research and training (CESU),2026-08-07,"This project will support all parks in the National Park Service and fulfills objectives of the May 2025 Executive Order Restoring Gold Standard Science by ensuring transparency and rigor in science reports. By standing up a professional editorial team, this project will improve the publication process, introduce workflow efficiencies, and support hundreds of National Park Service authors each year in production of clear, accurate, and accessible reports archived in a manner that meets requirements of the Federal Records Act. Collectively, the diversity of studies in technical reports annually provides information about virtually all parks within the National Park Service, across the entire nation. This work ensures timely, high-quality reports are available to inform park management decisions, as required under federal mandates such as Omnibus Management Act of 1998.","Without funding, critical technical editing capacity for report publication would be unavailable, slowing workflows, reducing consistency, and limiting the development of new content. Park managers will lose timely access to clear, reliable information needed for daily operations and long-term resource decisions, weakening the agency’s ability to manage park resources effectively.","03/30/2026: Abstract updates needed. Clarify who (NPS?) is writing these reports, and who is the intended audience (Park managers, other researchers, the public, all of the above?). 06/03/2026: NPS review complete. Ready for DOI review. 06/10/2026: Submitted for DOI review. 08/07/2026: Disapproved by DOI. Your financial assistance request, FAST # 1352 titled 'Publications Process Improvement and Editorial Support for Science Reporting,' has been reviewed by NPS and DOI leadership. Any questions regarding this determination should be addressed through your associated Regional Director or Associate Director.",600000.00
1771,Disapproved,WASO,National (WASO),NRSS,Natural Resource Stewardship and Science directorate,"office, program, or network","NPS headquarters, Washington, DC",38.8939,-77.0427,Desert Research Institute,Inform management of water resources in arid park ecosystems,15.945 Cooperative Research and Training Programs (CESU),Research and training (CESU),2026-08-07,"This project will provide vulnerability information and resource management recommendations for surface and groundwater resources to arid parks where water supply is changing. In addition to detailed park assessments, the project will provide broad scale vulnerability information and web tooling for ~57 NPS units in the Southwestern US. In support of S.O. 3426 ‘Ensuring National Parks Are Open and Accessible’ and proposed DOI FY26-30 Strategic Goal 3: 'Enjoy Our Natural Resources While Ensuring They Remain Sound and Sustainable,' this project meets critical needs for information to conserve and restore aquatic ecosystems with diminishing water flows, maintaining fundamental resources and supporting visitor access and experience.","If not approved, information to assist parks and public lands in making effective water resource management decisions will not be provided, potentially impacting fundamental park resources and impairing visitor experience and enjoyment.","05/12/2026: Submitted for DOI review. 08/07/2026: Disapproved by DOI. Your financial assistance request, FAST # 1771 titled 'Inform management of water resources in arid park ecosystems,' has been reviewed by NPS and DOI leadership. Any questions regarding this determination should be addressed through your associated Regional Director or Associate Director.",349800.00
2286,Disapproved,WASO,National (WASO),NRSS,Natural Resource Stewardship and Science directorate,"office, program, or network","NPS headquarters, Washington, DC",38.8939,-77.0427,Northern Rockies Conservation Cooperative,Natural Resources Information Management,"15.954 NPS Conservation, Protection, Outreach & Education","Conservation, outreach, and education",2026-08-07,"This project will make NPS generated natural resource information (e.g. reports, publications, data) readily available to managers and the public to facilitate collaborative decision making within the parks. In coordination with park managers and specialists, the recipient will collect, compile, oversee, and coordinate generative data and information in support of the NPS mission to preserve and protect natural and cultural resources. These results enable land managers, the public, and neighboring communities to use these data to make informed decisions about biological and physical resources such as critical water, vegetation (forests, alpine, and grass/shrub land), wildlife, soil, and related-resources. It is important to disseminate these scientific results effectively (pursuant of Executive Order 14303 and Secretary Order 3441) and to facilitate collaborative decision making in conservation management and park operations.","Failure to fund this agreement will limit informed decision-making by land managers required by NPS Omnibus Management Act of 1998, NPS Organic Act of 1916, and reduce our ability to comply efficiently with EO 14303 and SO 3441. This will reduce conservation of natural areas beloved by the public.","06/10/2026: Submitted for DOI review. 08/07/2026: Disapproved by DOI. Your financial assistance request, FAST # 2286 titled 'Natural Resources Information Management ,' has been reviewed by NPS and DOI leadership. Any questions regarding this determination should be addressed through your associated Regional Director or Associate Director.",373788.00
2457,Disapproved,WASO,National (WASO),NRSS,Natural Resource Stewardship and Science directorate,"office, program, or network","NPS headquarters, Washington, DC",38.8939,-77.0427,Northern Rockies Conservation Cooperative,Delivering and Visualizing Natural Resource Data,"15.954 NPS Conservation, Protection, Outreach & Education","Conservation, outreach, and education",2026-08-07,"This project will enhance science communication for over 150 parks by using a data visualizer that delivers weather information in graphical, tabular, and statistical formats for quick reference and reporting. Parks need real-time, detailed weather, hydrological, and modeled water data to improve management and visitor experience. The project supports efforts to use current data to understand and address impacts like floods, droughts, and fires on park resources and operations. All work aligns with statutory requirements from the National Park Service Omnibus Management Act of 1998 and the Executive Order for Gold Standard Science.","Failure to fund this agreement will result in the loss of information needed for decision-making by land managers and communities in over 150 parks. This work protects public health and without the data, managers could unknowingly take actions that lead to resource impairment, in violation of the NPS Organic Act.","6/16/2026: NPS review complete. Ready for DOI review. 06/17/2026: Submitted for DOI review. 08/07/2026: Disapproved by DOI. Your financial assistance request, FAST # 2457 titled 'Delivering and Visualizing Natural Resource Data,' has been reviewed by NPS and DOI leadership. Any questions regarding this determination should be addressed through your associated Regional Director or Associate Director.",100450.00
2820,Disapproved,IMR,Intermountain,NTIR,"National Trails Office, Intermountain Region","office, program, or network","Santa Fe, New Mexico",35.6691,-105.9266,"National Experienced Workforce Solutions, Inc.",National Trails Office Cultural Resources Experienced Services Program Support,15.011 Experienced Services Program,Experienced Services Program,2026-08-07,"Through the engagement of a highly qualified worker in a temporary capacity, the National Trails Office of the NPS can in a cost effective and efficient manner meet its mission goal of providing the public information and a means to engage with ten national historic trails and Route 66. This project will place an Experienced Services Program enrollee at the National Trails Office to assist in developing travel itineraries for up to ten national historic trails, developing content and selecting images for websites and social media posts, and creating other content to meet public needs.","Without funding, the public may lose access to updated, engaging travel resources, limiting awareness and appreciation of the nation’s historic trails and reducing opportunities for cultural education.","6/18/2026: NPS review complete. Ready for DOI review. 06/24/2026: Submitted for DOI review. 08/07/2026: Disapproved by DOI. Your financial assistance request, FAST # 2820 titled 'National Trails Office Cultural Resources Experienced Services Program Support,' has been reviewed by NPS and DOI leadership. Any questions regarding this determination should be addressed through your associated Regional Director or Associate Director.",30984.00
1956,Disapproved,PWR,Pacific West,ORCA,Oregon Caves National Monument and Preserve,park unit,Oregon Caves National Monument and Preserve,42.1046,-123.4043,"THE STUDENT CONSERVATION ASSOCIATION, INC.",Guided Cave Interpretation Youth Internships at Oregon Caves National Monument and Preserve,15.931 Youth and Veteran Organizations Conservation Projects,Youth and veteran conservation corps,2026-08-07,"This project at Oregon Caves National Monument and Preserve will train and employ four youth for a 12-week guided cave interpretation program. Participants will receive two weeks of training in cave science, safety, and public communication, followed by ten weeks of leading cave tours and offering educational support in the visitor center. They will help visitors understand the cave’s natural features while gaining hands-on skills for future work in earth sciences and public education. The project will produce trained youth guides, daily cave tours, visitor support, and enhanced public understanding of the park’s natural resources.","Without funding, Oregon Caves National Monument and Preserve will lose essential seasonal guides, reducing public cave tours and visitor support. Fewer youth will gain training and career experience, and visitors may have limited opportunities to learn about and safely explore the cave.","05/27/2026: Submitted for DOI review. 08/07/2026: Disapproved by DOI. Your financial assistance request, FAST # 1956 titled 'Guided Cave Interpretation Youth Internships at Oregon Caves National Monument and Preserve,' has been reviewed by NPS and DOI leadership. Any questions regarding this determination should be addressed through your associated Regional Director or Associate Director.",54854.97
2394,Disapproved,IMR,Intermountain,ORPI,Organ Pipe Cactus National Monument,park unit,Organ Pipe Cactus National Monument,32.0084,-112.8755,"The Student Conservation Association, Inc.",Resource Stewardship Youth Internships at Oregon Pipe Cactus National Monument,15.931 Youth and Veteran Organizations Conservation Projects,Youth and veteran conservation corps,2026-08-07,"This project at Organ Pipe Cactus National Monument will support two youth interns, for 20 weeks each, who will help monitor, protect, and restore the park’s natural resources. One intern will assist with plant monitoring, invasive plant removal, native plant care, and landscape restoration. The second intern will support spring and channel monitoring, water quality checks, weather station upkeep, and other field measurements. Both interns will collect data using cameras, GPS, and tablets and will assist teams across several resource programs. The project will provide hands-on training while improving vegetation health, water quality, and restoration efforts.","Without funding, Organ Pipe Cactus National Monument will face delays in plant restoration, invasive species removal, and water quality monitoring. This would limit the park’s ability to protect sensitive habitats and reduce opportunities for young people to gain conservation skills.","06/03/2026: Submitted for DOI review. 08/07/2026: Disapproved by DOI. Your financial assistance request, FAST # 2394 titled 'Resource Stewardship Youth Internships at Organ Pipe Cactus National Monument,' has been reviewed by NPS and DOI leadership. Any questions regarding this determination should be addressed through your associated Regional Director or Associate Director.",57467.74
2227,Disapproved,IMR,Intermountain,PETR,Petroglyph National Monument,park unit,Petroglyph National Monument,35.14,-106.7453,Archeology Southwest,Produce National Register Nomination for Petroglyph National Monument,15.945 Cooperative Research and Training Programs (CESU),Research and training (CESU),2026-08-07,"This project will develop a Traditional Cultural Place nomination for Petroglyph National Monument, documenting and evaluating the monument’s culturally significant landscape—including petroglyphs, archaeological sites, traditional trails, and natural features important to 29 associated pueblos and tribes. Through archival research, Tribal collaboration, field visits, and GIS-based documentation, the project will produce a complete National Register nomination that meets current guidelines and provides a foundation for long-term protection, preservation planning, and culturally informed stewardship. The final nomination will help guide management decisions and strengthen understanding of landscape change amid ongoing development pressures and fulfills NPS's obligations under Section 110 of the National Historic Preservation Act.","Without funding, essential cultural landscapes would remain undocumented or unevaluated, limiting the monument’s ability to make informed management decisions and to recognize Tribal perspectives in official records. Delayed documentation would hinder preservation planning for culturally significant places and slow progress toward a complete, accurate National Register nomination.","06/09/2026: Abstract edited. Ready for DOI review. 06/10/2026: Submitted for DOI review. 08/07/2026: Disapproved by DOI. Your financial assistance request, FAST # 2227 titled 'Produce National Register Nomination for Petroglyph National Monument,' has been reviewed by NPS and DOI leadership. Any questions regarding this determination should be addressed through your associated Regional Director or Associate Director.",169127.00
2625,Disapproved,PWR,Pacific West,PORE,Point Reyes National Seashore,park unit,Point Reyes National Seashore,38.0708,-122.9175,"National Experienced Workforce Solutions, Inc",Point Reyes National Seashore Experienced Services Program Freedom of Information Act Support,15.011 Experienced Services Program,Experienced Services Program,2026-08-07,"Provides Freedom of Information Act (FOIA) support for both NPS Interior Regions 8, 9, 10, 12 (PWR) and Point Reyes National Seashore (PORE) from two National Experienced Workforce (NEW) Solutions hires. Both Pacific West Region and Point Reyes National Seashore have an extraordinary FOIA workload and significant backlog of requests. NEW Solutions hires will assist with providing timely review to records and this assistance is critical to reducing the backlog, increasing transparency with the public, meeting required Freedom of Information Act timelines.","If the Freedom of Information Act (FOIA) processing award is not funded, park units within NPS Interior Regions 8, 9, 10, and 12 (PWR) and Point Reyes National Seashore (PORE) will face tangible negative impacts. The backlog of FOIA requests will likely increase, causing significant delays in responding to public inquiries. Without additional support, PWR and PORE will be unable to provide timely review of records, resulting in missed statutory deadlines and diminished transparency. Furthermore, the absence of dedicated FOIA support could strain existing personnel, leading to decreased efficiency and higher error rates in document processing. This may undermine public trust and expose the park units to potential legal challenges or reputational risk due to non-compliance with FOIA requirements.","6/30/2026: Project abstract and impact needs work. Abstract should clearly articulate the purpose and goal of the project, task, activities, and intended deliverables and outcomes. Impact should state tangible impacts to the park units if the award is not funded. 7/1/2026: NPS review complete. Ready for DOI review. 7/8/2026: Submitted for DOI review. 08/07/2026: Disapproved by DOI. Your financial assistance request, FAST # 2625 titled 'Point Reyes National Seashore Experienced Services Program Freedom of Information Act Support,' has been reviewed by NPS and DOI leadership. Any questions regarding this determination should be addressed through your associated Regional Director or Associate Director.",25000.00
1987,Disapproved,PWR,Pacific West,PWRO,Pacific West Regional Office,"office, program, or network","San Francisco, California",37.7963,-122.4009,"National Experienced Workforce Solutions, Inc.",Pacific West Regional Office (PWRO) Preservation Partnerships Program Support,15.011 Experienced Services Program,Experienced Services Program,2026-08-07,"This project will engage an experienced historical architect to provide technical support for Preservation Partnership Program tasks including document review, consultation, monitoring, assessment, research, and writing. The project ensures timely and professional completion of technical assistance activities in support of the National Historic Landmarks Program, the Heritage Documentation Programs, and historic property transfers under the National Historic Lighthouse Preservation Act and Historic Surplus Property Program.",The project ensures that the Regional Office Preservation Partnerships Program can efficiently and effectively serve the public and support NPS in fulfilling its responsibilities in administering national historic preservation programs as directed by the National Historic Preservation Act.,"05/07/2026: Submitted for DOI review. 08/07/2026: Disapproved by DOI. Your financial assistance request, FAST # 1987 titled 'Pacific West Regional Office (PWRO) Preservation Partnerships Program Support,' has been reviewed by NPS and DOI leadership. Any questions regarding this determination should be addressed through your associated Regional Director or Associate Director.",94650.00
2018,Disapproved,PWR,Pacific West,PWRO,Pacific West Regional Office,"office, program, or network","San Francisco, California",37.7963,-122.4009,The Great Basin Institute,"Cultural Resources Data Management Internship, Pacific West Region",15.946 Cultural Resources Management,Cultural resources management,2026-08-07,"The Recipient and National Park Service staff will work together to create an internship, which will focus on supporting the preservation of cultural resources in parks in the Pacific West Region, fulfilling requirements under the National Historic Preservation Act, 54 USC 300101 et seq. The intern will participate in such activities as collection of inventory data, GPS data collection, preparing GIS data, writing standardized narrative descriptions, photos, and mapping products for inclusion in databases.","Without funding, valuable historical resources may deteriorate, and opportunities for youth engagement in conservation will be lost, jeopardizing cultural heritage and community identity. Project will not be completed and cultural resource facilities and objects will be at risk for deterioration or destruction.","06/01/2026: Abstract edited. Ready for review. 06/03/2026: Submitted for DOI review. 08/07/2026: Disapproved by DOI. Your financial assistance request, FAST # 2018 titled 'Cultural Resources Data Management Internship, Pacific West Region,' has been reviewed by NPS and DOI leadership. Any questions regarding this determination should be addressed through your associated Regional Director or Associate Director.",92849.62
2207,Disapproved,PWR,Pacific West,PWRO,Pacific West Regional Office,"office, program, or network","San Francisco, California",37.7963,-122.4009,"The Student Conservation Association, Inc.",Conserving Pacific Island Corals from Ridge to Reef,15.931 Youth and Veteran Organizations Conservation Projects,Youth and veteran conservation corps,2026-08-07,"This project will place two youth interns for 29 weeks to support coral reef conservation at four Pacific Island parks: Kalaupapa National Historical Park, Kaloko-Honokōhau National Historical Park, National Park of American Samoa, and War in the Pacific National Historical Park. Youth interns will help restore coral reefs and improve nearby land habitats by conducting underwater surveys, controlling invasive species, planting native vegetation, and supporting water and habitat monitoring. They will also assist with ongoing ecosystem surveys and restoration needs. The project will deliver healthier reefs and landscapes, expanded conservation capacity, and hands-on training for participating youth.","Without funding, coral reef conditions will continue to decline, invasive species will expand, and parks will lack the staff needed to protect vulnerable ecosystems. Delays in monitoring and restoration could lead to permanent habitat loss and reduced long-term reef health.","6/2/2026: NPS review complete. Ready for DOI review. 06/03/2026: Submitted for DOI review. 08/07/2026: Disapproved by DOI. Your financial assistance request, FAST # 2207 titled 'Conserving Pacific Island Corals from Ridge to Reef,' has been reviewed by NPS and DOI leadership. Any questions regarding this determination should be addressed through your associated Regional Director or Associate Director.",73545.95
2647,Disapproved,PWR,Pacific West,PWRO,Pacific West Regional Office,"office, program, or network","San Francisco, California",37.7963,-122.4009,"National Experienced Workforce Solutions, Inc.",Contaminated Sites Environmental Protection Specialist,15.011 Experienced Services Program,Experienced Services Program,2026-08-07,"The Recipient will provide an enrollee under the Experienced Services Program (ESP) with in-depth knowledge of Federal and California hazardous waste regulations to support contaminated site investigation and cleanup projects in Yosemite National Park. The National Park Service (NPS) is operating under a Consent Decree with the State of California, which requires NPS to investigate and remediate identified hazardous waste sites within the park. This project focuses on the three largest and most complex sites: the Cascades Former Wood Treatment Site, the El Capitan Former Waste Disposal Area, and the Curry Landfill. The selected ESP enrollee will conduct site assessments and characterize hazardous waste areas, collect and analyze soil, water, and air samples for contamination, prepare regulatory compliance documentation and reports, assist with developing and implementing cleanup plans, coordinate with regulatory agencies and stakeholders, monitor ongoing remediation activities, and ensure adherence to safety and environmental standards.","Experienced worker services are critical to completing the field implementation, construction, and close-out of cleanup projects regulated under the Comprehensive Environmental Response, Compensation, and Liability Act. Yosemite National Park is in an enforceable Consent Agreement with the State of California, and delays in completion could result in financial penalties.","06/09/2026: Updates needed to abstract. The abstract starts with an incomplete sentence. Please revise abstract so that sentences are complete and list the tasks the ESP enrollee will be completing. 06/16/2026: Abstract edited; ready for DOI review. 06/17/2026: Submitted for DOI review. 08/07/2026: Disapproved by DOI. Your financial assistance request, FAST # 2647 titled 'Contaminated Sites Environmental Protection Specialist,' has been reviewed by NPS and DOI leadership. Any questions regarding this determination should be addressed through your associated Regional Director or Associate Director.",98397.00
459,Disapproved,PWR,Pacific West,REDW,Redwood National Park,park unit,Redwood National Park,41.2776,-124.0045,HISTORICORPS,Repairing Dolason Barn and other Historic Lyons Structures at Redwood National and State Park,15.931 Youth and Veteran Organizations Conservation Projects,Youth and veteran conservation corps,2026-08-07,"This project at Redwood National Park will train youth crews and volunteers in hands-on historic preservation while repairing the Dolason Barn and other buildings in the Lyons Ranches Historic District. Part of the south wall was removed for repair in 2024, and it was not possible to rebuild the wall at that time. Over two five-day sessions, crews of six to eight participants will repair siding, replace beams, restore framing, and complete general maintenance using local or salvaged materials. The work will stabilize barns, sheds, and houses so visitors can safely experience these ranching structures. The project provides practical training, preserves important historic buildings, and results in restored structures ready for long-term care.","Without funding, the Dolason Barn and other historic ranch structures at Redwood National Park will continue to deteriorate, losing original materials and posing safety hazards. Also, opportunities for youth to gain preservation skills and for visitors to experience the site’s ranching history would be significantly reduced.","6/2/2026: NPS review complete. Ready for DOI review. 06/03/2026: Submitted for DOI review. 08/07/2026: Disapproved by DOI. Your financial assistance request, FAST # 459 titled 'Repairing Dolason Barn and other Historic Lyons Structures at Redwood National and State Park ,' has been reviewed by NPS and DOI leadership. Any questions regarding this determination should be addressed through your associated Regional Director or Associate Director.",64367.65
1984,Disapproved,PWR,Pacific West,REDW,Redwood National Park,park unit,Redwood National Park,41.2776,-124.0045,"The Student Conservation Association, Inc.",Maintaining Visitor Access and Safety at Redwood National Park,15.931 Youth and Veteran Organizations Conservation Projects,Youth and veteran conservation corps,2026-08-07,"This project at Redwood National Park will support up to seven young adult interns who will help provide visitor education, safety information, and resource protection. Interns will receive training, create and present public programs, assist with school activities, staff the visitor center, support community outreach, and help with resource protection tasks and data entry. The project delivers trained young adults, public programs, digital content, outreach materials, and improved visitor services. Visitors, local communities, and the park benefit from increased educational opportunities, safer experiences, and enhanced care of natural and cultural resources.","Without funding, Redwood National Park would lose seven trained young adult interns who provide essential visitor services, public programs, and resource protection support, reducing safety, education, and community engagement.","05/19/2026: Submitted for DOI review. 08/07/2026: Disapproved by DOI. Your financial assistance request, FAST # 1984 titled 'Maintaining Visitor Access and Safety at Redwood National Park,' has been reviewed by NPS and DOI leadership. Any questions regarding this determination should be addressed through your associated Regional Director or Associate Director.",153327.76
85,Disapproved,PWR,Pacific West,SEKI,Sequoia and Kings Canyon National Parks,park unit,Sequoia and Kings Canyon National Parks,36.6857,-118.5772,Conservation X Labs,Developing AI Tools to Detect Giant Sequoias and Identify At-Risk Trees,15.945 Cooperative Research and Training Programs (CESU),Research and training (CESU),2026-08-07,"The objective of the project is to build AI tools for dynamic, monthly tracking of the health of large giant sequoias at the individual tree scale, with a particular focus on detecting trees undergoing beetle attack and under risk of extreme fires. Such tracking will inform park decisions on where to prioritize treatments for improving giant sequoia resilience (e.g., thinning, prescribed burning), and it will influence how those treatments are carried out (e.g., wrapping of trunks and irrigation). In addition, the system will identify beetle-attacked trees for potential immediate intervention and highlight those portions of groves in need of protective treatments from fire and beetles (e.g., removal of downed woody material to reduce beetle populations).","Without funding, lack of the AI tools being developed will reduce the ability of National Park Service managers to identify giant sequoias at risk of dying due to fire and beetles. This would also impede park managers’ abilities to effectively manage this resource that is of critical importance to visitors.","6/9/2026: NPS review complete. Ready for DOI review. 06/10/2026: Submitted for DOI review. 08/07/2026: Disapproved by DOI. Your financial assistance request, FAST # 85 titled 'Developing AI Tools to Detect Giant Sequoias and Identify At-Risk Trees,' has been reviewed by NPS and DOI leadership. Any questions regarding this determination should be addressed through your associated Regional Director or Associate Director.",61304.34
2554,Disapproved,PWR,Pacific West,SEKI,Sequoia and Kings Canyon National Parks,park unit,Sequoia and Kings Canyon National Parks,36.6857,-118.5772,The Great Basin Institute,Youth Vegetation Management and Training at Sequoia and Kings Canyon National Parks,15.931 Youth and Veteran Organizations Conservation Projects,Youth and veteran conservation corps,2026-08-07,"This project at Sequoia and Kings Canyon National Parks will train early-career workers to help restore damaged landscapes, protect native plants, and improve visitor areas. Crews will collect data, control invasive plants, grow and plant native species, support forest recovery after fires and storms, and identify hazardous trees to improve safety. They will also document plant communities, assist with planning, and manage project information. The work will produce restored visitor areas, stronger forest recovery, improved habitat, safer developed sites, and practical job experience for youth.","Without funding, invasive plants will spread, damaged forests and visitor areas will recover more slowly, and hazardous trees may go unaddressed. The parks will lose essential field support, reducing habitat quality, visitor safety, and overall landscape resilience.","6/11/2026: NPS review complete. Ready for DOI review. 06/17/2026: Submitted for DOI review. 08/07/2026: Disapproved by DOI. Your financial assistance request, FAST # 2554 titled 'Youth Vegetation Management and Training at Sequoia and Kings Canyon National Parks,' has been reviewed by NPS and DOI leadership. Any questions regarding this determination should be addressed through your associated Regional Director or Associate Director.",471011.26
2562,Disapproved,PWR,Pacific West,SEKI,Sequoia and Kings Canyon National Parks,park unit,Sequoia and Kings Canyon National Parks,36.6857,-118.5772,The Great Basin Institute,Wildlife Survey Support Project at Sequoia and Kings Canyon National Parks,15.931 Youth and Veteran Organizations Conservation Projects,Youth and veteran conservation corps,2026-08-07,"This project at Sequoia and Kings Canyon National Parks will support the wildlife program by placing two youth Resource Assistants who will assist with surveys across forest, subalpine, and alpine habitats. These workers will help the park biologist gather new information on wildlife, support surveys needed for management decisions, and monitor rare species in remote mountain areas. They will set and check cameras, conduct field observations, collect and organize data, and prepare information that guides conservation planning and ensures safe visitor access. Their efforts will provide timely support for high-priority projects and help protect the park’s natural resources.","Without funding, wildlife surveys would be delayed, slowing important management decisions and compliance work. This would limit the park’s ability to protect rare species, understand habitat conditions, and keep visitor areas safe.","06/03/2026: Submitted for DOI review. 08/07/2026: Disapproved by DOI. Your financial assistance request, FAST # 2562 titled 'Wildlife Survey Support Project at Sequoia and Kings Canyon National Parks,' has been reviewed by NPS and DOI leadership. Any questions regarding this determination should be addressed through your associated Regional Director or Associate Director.",78792.10
2723,Disapproved,PWR,Pacific West,SEKI,Sequoia and Kings Canyon National Parks,park unit,Sequoia and Kings Canyon National Parks,36.6857,-118.5772,The Great Basin Institute,Geographic Information System & Data Management Support Research Assistant,15.946 Cultural Resources Management,Cultural resources management,2026-08-07,"The purpose of this project is to protect cultural resources and support visitor experience at Sequoia Kings. The Geographic Information Systems (GIS) Data Management assistant will provide GIS analyst support by maintaining the cultural resources and giant sequoia inventory geodatabases, support field operations with GIS, provide data analysis and mapping. The assistant will utilize GIS software to maintain data that meets National Park Service GIS data standards, create and manage field data collection applications and create maps that visualize the analysis and data.","If not awarded, compliance for visitor focused infrastructure and deferred maintenance projects may be delayed; Required cultural resources maps and information on these projects will not be supported; Fire impacts and potential mass wasting will not be analyzed and may result in further damage to infrastructure.","6/16/2026: NPS review complete. Ready for DOI review. 06/17/2026: Submitted for DOI review. 08/07/2026: Disapproved by DOI. Your financial assistance request, FAST # 2723 titled 'Geographic Information System & Data Management Support Research Assistant,' has been reviewed by NPS and DOI leadership. Any questions regarding this determination should be addressed through your associated Regional Director or Associate Director.",69596.69
1978,Disapproved,PWR,Pacific West,SIEN,Sierra Nevada Inventory and Monitoring Network,"office, program, or network","Three Rivers, California",36.4388,-118.9045,THE GREAT BASIN INSTITUTE,Sierra Nevada Network Forest Monitoring Research Associate,15.931 Youth and Veteran Organizations Conservation Projects,Youth and veteran conservation corps,2026-08-07,"This project aims to enhance the monitoring of natural resources in national parks in the Sierra Nevada Mountains of California by collecting long-term ecological data on high elevation forests. One specialized position will be filled: a Forest Research Associate will oversee and conduct field surveys of high elevation forests in Sequoia, Kings, and Yosemite national parks. The project will provide valuable data for park management and support conservation efforts, benefiting park ecosystems and their visitors.","Without funding, critical ecological data collection and management will cease, hindering effective conservation efforts and jeopardizing the health of sensitive park ecosystems, including threatened species.","05/07/2026: Submitted for DOI review. 08/07/2026: Disapproved by DOI. Your financial assistance request, FAST # 1978 titled 'Sierra Nevada Network Forest Monitoring Research Associate,' has been reviewed by NPS and DOI leadership. Any questions regarding this determination should be addressed through your associated Regional Director or Associate Director.",95755.97
2304,Disapproved,SER,Southeast,TUAI,Tuskegee Airmen National Historic Site,park unit,Tuskegee Airmen National Historic Site,32.4549,-85.6786,Student Conservation Association,Cultural Resources Individual Placement at Tuskegee Airmen National Historic Site: Museum Technician Internship Program,15.931 Youth and Veteran Organizations Conservation Projects,Youth and veteran conservation corps,2026-08-07,"The Recipient will recruit and place Interns at Tuskegee Airmen National Historic Site who will support the Museum Technician Internship Program by assisting with the preservation, installation, and documentation of artifacts, specimens, and artwork in the museum collection to ensure they are available to visitors and the public. Their responsibilities will include helping install, repair, and rehabilitate exhibits; providing information to visitors, researchers, and park staff; and performing clerical tasks that support curatorial operations. Interns will also conduct museum housekeeping, assist with environmental monitoring, prepare data records, and unpack, clean, identify, repack, label, and preserve collection objects. The addition of museum technician interns will enable park staff to expand services and programming for visitors at Tuskegee Airmen National Historic Site and nearby park locations.","Without this project, the Tuskegee Airmen National Historic Site museum collection will be unable to preserve, install, and document its artifacts, specimens, and artwork, limiting the museum’s ability to showcase and make these items accessible to visitors and the public.","06/15/2026: Abstract edited; ready for DOI review. 06/17/2026: Submitted for DOI review. 08/07/2026: Disapproved by DOI. Your financial assistance request, FAST # 2304 titled 'Cultural Resources Individual Placement at Tuskegee Airmen National Historic Site: Museum Technician Internship Program,' has been reviewed by NPS and DOI leadership. Any questions regarding this determination should be addressed through your associated Regional Director or Associate Director.",106031.75
2463,Disapproved,SER,Southeast,TUAI,Tuskegee Airmen National Historic Site,park unit,Tuskegee Airmen National Historic Site,32.4549,-85.6786,Student Conservation Association,Interpretation Individual Placement at Tuskegee Airmen NHS,15.931 Youth and Veteran Organizations Conservation Projects,Youth and veteran conservation corps,2026-08-07,"This project will provide internship opportunities through the Student Conservation Association at the Tuskegee Airmen National Historic Site to support visitor services and interpretive programming in Hangars 1 and 2. Interns will work alongside National Park Service staff to provide visitor orientation services, gain knowledge of the history and significance of the Tuskegee Airmen and develop professional experience for future opportunities within the National Park Service.","If not awarded, the Tuskegee Airmen National Historic Site may have limited capacity to expand visitor services and interpretive programming within Hangars 1 and 2. Funding will support enhanced visitor engagement opportunities and provide meaningful internship experience for individuals pursuing future careers with the National Park Service.","7/7/2026: NPS review complete. Ready for DOI review. 7/8/2026: Submitted for DOI review. 08/07/2026: Disapproved by DOI. Your financial assistance request, FAST # 2463 titled 'Interpretation Individual Placement at Tuskegee Airmen NHS,' has been reviewed by NPS and DOI leadership. Any questions regarding this determination should be addressed through your associated Regional Director or Associate Director.",77164.73
179,Disapproved,PWR,Pacific West,TUSK,Tule Springs Fossil Beds National Monument,park unit,Tule Springs Fossil Beds National Monument,36.4021,-115.3566,The Great Basin Institute,Tule Springs Fossil Beds National Monument Regional Paleontology Assistant,15.931 Youth and Veteran Organizations Conservation Projects,Youth and veteran conservation corps,2026-08-07,"This project will hire a Research Associate that will collaborate with National Park Service (NPS) personnel at Tule Springs Fossil Beds National Monument to accomplish cultural and paleontological resource management activities and to provide mentorship and collaboration in research, education, and conservation activities. A research associate will work with a paleontologist to complete field surveys, relocate and document past fossil sites, update mapping and database records, and prepare reports. The project will produce organized digital data, clear maps, and well-written reports that describe site conditions and findings. These products will help park staff protect fossil resources and support public education.","Without funding, Tule Springs Fossil Beds will be unable to record essential baseline fossil site conditions before nearby housing development expands. The park would lose critical information needed to detect future impacts, protect sensitive fossil resources, and make informed management decisions as urban growth increases along its borders.","05/27/2026: Submitted for DOI review. 08/07/2026: Disapproved by DOI. Your financial assistance request, FAST # 179 titled 'Tule Springs Fossil Beds National Monument Regional Paleontology Assistant,' has been reviewed by NPS and DOI leadership. Any questions regarding this determination should be addressed through your associated Regional Director or Associate Director.",74968.35
2045,Disapproved,PWR,Pacific West,TUSK,Tule Springs Fossil Beds National Monument,park unit,Tule Springs Fossil Beds National Monument,36.4021,-115.3566,The Great Basin Institute,Tule Springs Fossil Beds National Monument Youth Interns,15.931 Youth and Veteran Organizations Conservation Projects,Youth and veteran conservation corps,2026-08-07,"This project will engage four youth interns at Tule Springs Fossil Beds National Monument providing hands-on experience in resource management and career skills. Interns will develop monitoring protocols, conduct community outreach, and lead volunteer events focused on habitat restoration. They will receive training in data management, field techniques, and park management practices, supporting local conservation efforts and fostering career readiness in natural and cultural resource management.","Without funding, local youth will miss out on valuable training and work experience, hindering their career development and limiting efforts to preserve Tule Springs’ natural and cultural resources. This includes collaboration with local Nellis Air Force Base and active-duty families.","05/27/2026: Submitted for DOI review. 08/07/2026: Disapproved by DOI. Your financial assistance request, FAST # 2045 titled 'Tule Springs Fossil Beds National Monument Youth Interns,' has been reviewed by NPS and DOI leadership. Any questions regarding this determination should be addressed through your associated Regional Director or Associate Director.",103988.16
2518,Disapproved,IMR,Intermountain,VALL,Valles Caldera National Preserve,park unit,Valles Caldera National Preserve,35.9181,-106.5106,"NEVADA SYSTEM OF HIGHER EDUCATION (Desert Research Institute, Univ. of Nevada)",Weather Monitoring in the Jemez Mountains of New Mexico,15.945 Cooperative Research and Training Programs (CESU),Research and training (CESU),2026-08-07,"This project will maintain an established network of 8 automated weather stations within and near Valles Caldera National Preserve located in the Jemez Mountains of New Mexico. Resulting online data will be accessible to the public, fire-management personnel, and researchers. Fire managers will be able to apply resulting data to assessment and management of fire risks and potential threats to natural and cultural resources and values.","Without funding, firefighters will lack critical data necessary for assessing and managing wildfires, resulting in greater risks to the public and to natural and cultural resources and values. Researchers and land managers will lack data necessary for better understanding and managing park resources.","6/8/2026: NPS review complete. Ready for DOI review. 06/10/2026: Submitted for DOI review. 08/07/2026: Disapproved by DOI. Your financial assistance request, FAST # 2518 titled 'Weather Monitoring in the Jemez Mountains of New Mexico,' has been reviewed by NPS and DOI leadership. Any questions regarding this determination should be addressed through your associated Regional Director or Associate Director.",8000.00
2144,Disapproved,IMR,Intermountain,WACO,Waco Mammoth National Monument,park unit,Waco Mammoth National Monument,31.6049,-97.1762,"THE STUDENT CONSERVATION ASSOCIATION, INC.",Engaging Youth in Visitor Services and Education at Waco Mammoth National Monument,15.931 Youth and Veteran Organizations Conservation Projects,Youth and veteran conservation corps,2026-08-07,"This project will train two youth interns to provide visitor services and educational tours at Waco Mammoth National Monument. The interns will develop and present interactive programs, assist in community outreach, and create Junior Ranger activities to engage youth. By enhancing visitors' experiences through informative tours and educational materials, the project aims to foster a deeper understanding of paleontological conservation. Beneficiaries include park visitors and local students, ultimately leading to increased public awareness of the park's resources and ongoing research.","Without funding, this project will lose essential support for training interns and developing educational programs, diminishing visitor engagement and the preservation of vital scientific knowledge at the park.","05/27/2026: Submitted for DOI review. 08/07/2026: Disapproved by DOI. Your financial assistance request, FAST # 2144 titled 'Engaging Youth in Visitor Services and Education at Waco Mammoth National Monument,' has been reviewed by NPS and DOI leadership. Any questions regarding this determination should be addressed through your associated Regional Director or Associate Director.",54359.12
1382,Disapproved,WASO,National (WASO),WASO,Washington Support Office (NPS headquarters),"office, program, or network","NPS headquarters, Washington, DC",38.8939,-77.0427,"National Experienced Workforce Solutions, Inc.",Freedom of Information Act Support for Office of Public Trust,15.011 Experienced Services Program,Experienced Services Program,2026-08-07,"The objectives of this agreement are to obtain the assistance of experienced professionals to support the Office of Public Trust in managing and processing Freedom of Information Act (FOIA) requests from intake through final response. Due to increasing request volume, growing complexity of records (including law enforcement and body-worn camera data), and existing staffing constraints, additional specialized support is necessary to ensure the program can meet its statutory and operational requirements.","If not awarded, NPS will not be able to address their backlog of Freedom of Information Act cases and meet mandated timelines. The office will not be able to meet statutory requirements, and will fall further behind in timelines.","03/26/2026: Submitted for DOI review. 08/07/2026: Disapproved by DOI. Your financial assistance request, FAST # 1382 titled 'Freedom of Information Act Support for Office of Public Trust,' has been reviewed by NPS and DOI leadership. Any questions regarding this determination should be addressed through your associated Regional Director or Associate Director.",308833.00
1524,Disapproved,WASO,National (WASO),WASO,Washington Support Office (NPS headquarters),"office, program, or network","NPS headquarters, Washington, DC",38.8939,-77.0427,Environment for the Americas,Latino Heritage Internship Program,15.931 Youth and Veteran Organizations Conservation Projects,Youth and veteran conservation corps,2026-08-07,"The Latino Heritage Internship Program (LHIP) provides college students, graduate students, and veterans with hands-on experience at national parks to support daily operations, visitor services, and resource stewardship. Interns collaborate with National Park Service staff on projects that highlight park and cultural site significance and promote their preservation. Participants engage in on-site work, virtual trainings, and a post-internship workshop, sharing their achievements through blog posts and presentations. Together, these activities build skills, deepen engagement with public lands, and strengthen the pipeline of future land management professionals.","If this internship program is not awarded, the National Park Service (NPS) will experience reduced capacity to complete mission-critical projects that support park operations, visitor services, and resource stewardship. Many parks rely on internship programs to supplement limited staff resources.","04/28/2026: Submitted for DOI review. 08/07/2026: Disapproved by DOI. Your financial assistance request, FAST # 1524 titled 'Latino Heritage Internship Program,' has been reviewed by NPS and DOI leadership. Any questions regarding this determination should be addressed through your associated Regional Director or Associate Director.",737000.00
2136,Disapproved,WASO,National (WASO),WASO,Washington Support Office (NPS headquarters),"office, program, or network","NPS headquarters, Washington, DC",38.8939,-77.0427,The Great Basin Institute,Harpers Ferry Center Objects Conservation Fellowship,15.946 Cultural Resources Management,Cultural resources management,2026-08-07,"The recipients will provide specialized preservation services to more than ten national parks, including Gettysburg National Military Park, Kennesaw Mountain National Battlefield Park, Minute Man National Historical Park, and Sitka National Historical Park with museum collections that are essential to interpreting American history yet face varying levels of deterioration. Through advanced conservation skills and adherence to professional ethical standards, the recipients will assess, recommend, and implement hands-on treatments for several hundred objects. Their work will stabilize at-risk artifacts and improve collection conditions to enhance public access/engagement and educational programming.","The museum collections addressed in this project face imminent deterioration without this urgent preservation intervention, risking irreversible loss. Currently unstable, they cannot be safely exhibited, interpreted, or used for educational programs. Administrative priorities such as visitor experience, access and enjoyment would be diminished along with undermining cultural resource stewardship mandates.","05/19/2026: Submitted for DOI review. 08/07/2026: Disapproved by DOI. Your financial assistance request, FAST # 2136 titled 'Harpers Ferry Center Objects Conservation Fellowship ,' has been reviewed by NPS and DOI leadership. Any questions regarding this determination should be addressed through your associated Regional Director or Associate Director.",289524.00
2247,Disapproved,WASO,National (WASO),WASO,Washington Support Office (NPS headquarters),"office, program, or network","NPS headquarters, Washington, DC",38.8939,-77.0427,Student Conservation Association,Summer Structural Fire Protection Interns,15.931 Youth and Veteran Organizations Conservation Projects,Youth and veteran conservation corps,2026-08-07,"This project targets youth who are seeking degrees in fire protection engineering, fire protection administration, or fire investigation programs. The interns will be placed at various parks where there is a need to focus on long overdue maintenance projects, such as the inspection, testing, and maintenance (ITM) of fire protection systems, portable fire extinguisher inspections and tracking, and fire hydrant systems. Interns will focus on annual fire and life safety inspections, development of hot work permit programs, structural fire management plan revision, portable fire extinguisher training, and other structural fire prevention related projects. Interns will upload pertinent inspections and ITM documents into the Structural Fire data system and keep information in the system current. In addition, interns will be assigned a historic building in the park and will be asked to assess the structure fire risks to the building and provide recommendations for protecting the building better in the future. The intern will prepare an official project report. Interns will identify risks, based on their knowledge of fire codes, and provide recommendations to the park on how to mitigate the risks and improve protection of the building from structure fire.","If this project isn't awarded, 4,000 hours of critical structural fire projects/tasks will not be completed at parks hosting interns. This includes fire and life safety inspections, portable fire extinguisher inspections, portable fire extinguisher training, & assistance with the inspection, testing, and maintenance of fire protection and life safety systems.",05/27/2026: Submitted for DOI review.,110950.67
2896,Disapproved,WASO,National (WASO),WASO,Washington Support Office (NPS headquarters),"office, program, or network","NPS headquarters, Washington, DC",38.8939,-77.0427,Purposeful Growth Institute,National Parks Business Plan Internship Program - 2021,"15.954 NPS Conservation, Protection, Outreach & Education","Conservation, outreach, and education",2026-08-07,"The National Parks Business Plan Internship goal is to jointly administer a graduate-level summer internship program focused on improving the financial and operational health of our national parks and NPS programs by providing professional and leadership development opportunities to advanced-degree students so that they can cultivate a lifelong stewardship ethic and explore career opportunities in public land management while contributing meaningfully to the NPS mission at parks. Tasks include recruiting talented students from top graduate programs, providing an orientation and professional development, and offering project management as they complete discrete analysis and recommendations at 5-8 parks each year. As program deliverables, the students develop direct decision support tools for parks tailored to their project for park managers to implement and scale innovation in the areas of efficiency, financial management, and visitor experience.","The program could not operate without additional programmatic funds to support operations in 2027, resulting in the failure to implement 6-8 innovative projects aligned with Department goals. Future performance would also suffer due to a lapsed year, as continued presence is critical for sustained recruitment success at top schools.","7/6/2026: NPS review complete. Ready for DOI review. 7/8/2026: Submitted for DOI review. 08/07/2026: Disapproved by DOI. Your financial assistance request, FAST # 2896 titled 'National Parks Business Plan Internship Program - 2021,' has been reviewed by NPS and DOI leadership. Any questions regarding this determination should be addressed through your associated Regional Director or Associate Director.",400932.93
3162,Disapproved,WASO,National (WASO),WASO,Washington Support Office (NPS headquarters),"office, program, or network","NPS headquarters, Washington, DC",38.8939,-77.0427,Great Basin Institute,Seed Collection Coordination on DOI lands in the Western United States,15.931 Youth and Veteran Organizations Conservation Projects,Youth and veteran conservation corps,2026-08-07,"This project will provide forty-six early career botanists and emerging vegetation restoration professionals with opportunities to support post-fire erosion and landscape wildfire resiliency on DOI lands throughout the western United States, collaborating with staff in National Park Service (NPS) park units, US Fish and Wildlife (FWS) refuges, and Bureau of Land Management (BLM). These jobs will last for approximately 4 months each and occur over the next three spring/summers. The work includes the implementation of seed collection and curation not available commercially under the Seeds of Success (SOS) program, coordination of seed collection activities, and other vegetation management activities, which may include but are not limited to design and implementation of ecological restoration projects, revegetation, and invasive species management. Project promotes increased employment and training opportunities for youth, while completing post-fire recovery actions. Project work will promote restoration and the development of plant materials for targeted post-fire erosion control and landscape level wildfire resiliency activities in NPS, FWS, and BLM units across the West.","Without this project, DOI bureaus will struggle to meet large-scale post-fire erosion control and rehabilitation needs across 6 States in the West, which could jeopardize landscape stability and habitat recovery.","07/06/2026: Please update abstract to include how many interns are engaged on this modification and how long. 7/8/2026: Submitted for DOI review. 08/07/2026: Disapproved by DOI. Your financial assistance request, FAST # 3162 titled 'Seed Collection Coordination on DOI lands in the Western United States,' has been reviewed by NPS and DOI leadership. Any questions regarding this determination should be addressed through your associated Regional Director or Associate Director.",1935998.08
3179,Disapproved,WASO,National (WASO),WASO,Washington Support Office (NPS headquarters),"office, program, or network","NPS headquarters, Washington, DC",38.8939,-77.0427,"National Experienced Workforce Solutions, Inc.",NPS Community Assistance with New Solutions,15.011 Experienced Services Program,Experienced Services Program,2026-08-07,"The objective of this task agreement is to enhance the capacity of the National Park Service (NPS) in providing community assistance for conservation and outdoor recreation projects through the Rivers, Trails, and Conservation Assistance (RTCA) and Land and Water Conservation Fund (LWCF) programs. Enrollees will support these programs across the United States, focusing on essential fields such as Landscape Architecture, Community Planning, Accessibility Planning, Writing/Editing/Researching/Communications, Education and Community Outreach, Program and Project Management, Facilitation of Community Interaction, Archives/Records, and River Planning. This initiative will also address natural disaster recovery projects, ensuring a comprehensive approach to community engagement and resource management.",If this modification is not awarded the vital community assistance capacities will be reduced and important engagement needs will not be possible for natural disaster relief and gateway community support. The positions in this agreement provide essential support for project work to aide communities in programmatic priorities.,"7/8/2026: Submitted for DOI review. 08/07/2026: Disapproved by DOI. Your financial assistance request, FAST # 3179 titled 'NPS Community Assistance with New Solutions,' has been reviewed by NPS and DOI leadership. Any questions regarding this determination should be addressed through your associated Regional Director or Associate Director.",105000.00
3180,Disapproved,WASO,National (WASO),WASO,Washington Support Office (NPS headquarters),"office, program, or network","NPS headquarters, Washington, DC",38.8939,-77.0427,New Solutions,Experienced Services Program Support for Washington Support Office Land and Water Conservation Fund,15.011 Experienced Services Program,Experienced Services Program,2026-08-07,"This agreement will utilize the Experienced Services Program to improve operational efficiencies in the Land and Water Conservation Fund (LWCF) Stateside program. It addresses the need for temporary human resources to modernize analysis, tackle stateside support needs, develop research and planning tools, and enhance collaboration with state offices. Key deliverables include preparing states for the competitive grant process, supporting states on planning needs, coordinating open project selection processes, and providing technical assistance to state LWCF offices to enhance grant awards for park creation and rehabilitation across the US.","If unfunded, the Land and Water Conservation Fund will: 1) Lose short-term support to priority projects that would otherwise not be completed; 2) Lose opportunities to support tribal office development and success.","7/7/2026: NPS review complete. Ready for DOI review. 7/8/2026: Submitted for DOI review. 08/07/2026: Disapproved by DOI. Your financial assistance request, FAST # 3180 titled 'Experienced Services Program Support for Washington Support Office Land and Water Conservation Fund,' has been reviewed by NPS and DOI leadership. Any questions regarding this determination should be addressed through your associated Regional Director or Associate Director.",513015.00
2726,Disapproved,PWR,Pacific West,WHIS,Whiskeytown-Shasta-Trinity National Recreation Area,park unit,Whiskeytown-Shasta-Trinity National Recreation Area,40.6163,-122.6127,The Great Basin Institute,Vegetation Management for Wildfire Risk Reduction and Restoration of Whiskeytown National Recreation Area (Research Associates),15.931 Youth and Veteran Organizations Conservation Projects,Youth and veteran conservation corps,2026-08-07,"This project will provide young adult technicians the opportunity to gain hands-on experience in wildfire prevention, post-wildfire restoration, and land management to protect both NPS resources and surrounding communities. Technicians will assist with wildfire risk reduction by completing natural resource surveys and treatments in fuels management areas, as well as support post-wildfire habitat recovery and restoration in focal areas with unique and sensitive resources. The outcome will be to ensure wildfire risk reduction projects are completed on schedule, preserve and protect special status and endangered plant populations during wildfire prevention and recovery actions and reduce the spread of noxious invasive species within the park unit.","Without funding, it would compromise the President's agenda to efficiently manage America's federal lands to reduce wildfire risk (EO13855, & SO3372). The project work also addresses resource management actions required by law (16 U.S.C. §§1531-1544, 7 U.S.C. § 2814, 54 U.S.C. § 100701).","06/03/2026: Submitted for DOI review. 08/07/2026: Disapproved by DOI. Your financial assistance request, FAST # 2726 titled 'Vegetation Management for Wildfire Risk Reduction and Restoration of Whiskeytown National Recreation Area (Research Associates),' has been reviewed by NPS and DOI leadership. Any questions regarding this determination should be addressed through your associated Regional Director or Associate Director.",294937.00
2019,Disapproved,IMR,Intermountain,YELL,Yellowstone National Park,park unit,Yellowstone National Park,44.583,-110.4901,The Great Basin Institute,Preserve and Catalog Yellowstone Archives Manuscripts and Oral Histories,15.946 Cultural Resources Management,Cultural resources management,2026-08-07,"The focus of this project is to arrange and catalog an estimated 127 linear feet (LF) of the Yellowstone Archive’s backlog manuscript collections and approximately 168 oral history interviews. The project will also conduct provenance research and correct accession records for more than 100 oral histories lacking release forms and accession documentation. Oral histories are highly requested research materials within Yellowstone’s Archives. They provide incredible value as a research tool, filling gaps in the written record of Yellowstone’s history, offering first-person information on significant events and figures, and capturing the individual experiences of those involved in the development and stewardship of the world’s first National Park. These records will be permanently retained and available to the American public.","If not awarded, records that the NPS has a legal mandate to curate and preserve in perpetuity will not be collected.","05/27/2026: Submitted for DOI review. 08/07/2026: Disapproved by DOI. Your financial assistance request, FAST # 2019 titled 'Preserve and Catalog Yellowstone Archives Manuscripts and Oral Histories,' has been reviewed by NPS and DOI leadership. Any questions regarding this determination should be addressed through your associated Regional Director or Associate Director.",112129.90
2022,Disapproved,IMR,Intermountain,YELL,Yellowstone National Park,park unit,Yellowstone National Park,44.583,-110.4901,The Great Basin Institute,Engagement for the Yellowstone Library,15.946 Cultural Resources Management,Cultural resources management,2026-08-07,"This project will increase the discoverability and engagement of the Yellowstone Research Library's collections by expanding outreach to park staff, concessioners, and the public. Great Basin Institute Research Associates will create instructional videos, resource and teacher guides, interactive online exhibits, and facilitate reading programs. To increase the visibility of both the library and these new outreach programs, the Research Associates will also help create social media content centered around use of the library and associated resources. Project deliverables will range from digital instructional materials to on-the-ground efforts such as the Bookmobile. All created resources will be accessible to staff and the public through the library catalog as well as National Park Service and partner websites and social media platforms, ensuring broad and easy access.","If this project is not awarded, cultural and natural resources would not be accessible to the public. The Yellowstone Research Library’s public and remote access would be compromised, and donor relationships—critical to this project—could be damaged, harming ties with Yellowstone National Park’s official partner, Yellowstone Forever.","06/09/2026: Combining FAST 2022 and 2124 06/25/2026: Revised project abstract to ensure tasks from 2124 were incorporated. Make sure Task Agreement is updated as well to combine both projects. NPS review complete. Ready for DOI review. 07/01/2026: Submitted for DOI review. 08/07/2026: Disapproved by DOI. Your financial assistance request, FAST # 2022 titled 'Engagement for the Yellowstone Library,' has been reviewed by NPS and DOI leadership. Any questions regarding this determination should be addressed through your associated Regional Director or Associate Director.",97960.58
2365,Disapproved,IMR,Intermountain,YELL,Yellowstone National Park,park unit,Yellowstone National Park,44.583,-110.4901,The Great Basin Institute,Process and Catalog Yellowstone Bison Management Records,15.946 Cultural Resources Management,Cultural resources management,2026-08-07,"The focus of this project is to preserve, arrange, and catalog approximately 65 linear feet (LF) of the Yellowstone Archive’s backlog bison and ungulate management records. Obsolete audiovisual and electronic media items will also be migrated to preservation formats. Use-copies will be posted online for public access. Yellowstone’s bison management records document complex wildlife management decisions within the National Park Service, as well as a unique interagency coordination effort between the NPS and other federal, state, and American Indian Tribes. As such, these records have high research value for understanding the history of wildlife and bison management, brucellosis studies and transmission, the Bison Conservation Transfer Program (BCTP), and the relationship between Yellowstone and American Indian Tribes. Bison management remains a significant public controversy, particularly in adjacent states. Cataloging these records will promote understanding of agency policies and activities, support research and public use, and ensure their long-term preservation.","If not awarded, records that the NPS has a legal mandate to curate and preserve in perpetuity will not be collected.","05/27/2026: Submitted for DOI review. 08/07/2026: Disapproved by DOI. Your financial assistance request, FAST # 2365 titled 'Process and Catalog Yellowstone Bison Management Records,' has been reviewed by NPS and DOI leadership. Any questions regarding this determination should be addressed through your associated Regional Director or Associate Director.",88590.09
3142,Disapproved,IMR,Intermountain,YELL,Yellowstone National Park,park unit,Yellowstone National Park,44.583,-110.4901,Great Basin Institute,Process and Catalog Yellowstone Bison Management Records,15.946 Cultural Resources Management,Cultural resources management,2026-08-07,"The focus of this project is to preserve, arrange, and catalog approximately 65 linear feet (LF) of the Yellowstone Archive’s backlog bison and ungulate management records. Obsolete audiovisual and electronic media items will also be migrated to preservation formats. Use-copies will be posted online for public access. Yellowstone’s bison management records document complex wildlife management decisions within the National Park Service, as well as a unique interagency coordination effort between the NPS and other federal, state, and American Indian Tribes. As such, these records have high research value for understanding the history of wildlife and bison management, brucellosis studies and transmission, the Bison Conservation Transfer Program (BCTP), and the relationship between Yellowstone and American Indian Tribes. Bison management remains a significant public controversy, particularly in adjacent states. Cataloging these records will promote understanding of agency policies and activities, support research and public use, and ensure their long-term preservation.","If not awarded, records that the NPS has a legal mandate to curate and preserve in perpetuity will not be collected. Without funding, critical preservation tasks for archives collections would remain incomplete, risking their integrity and curtailing public engagement resources. This project will ensure accountability and preservation of irreplaceable archives.","7/8/2026: Submitted for DOI review. 08/07/2026: Disapproved by DOI. Your financial assistance request, FAST # 3142 titled 'Process and Catalog Yellowstone Bison Management Records,' has been reviewed by NPS and DOI leadership. Any questions regarding this determination should be addressed through your associated Regional Director or Associate Director.",86709.91
3205,Disapproved,IMR,Intermountain,YELL,Yellowstone National Park,park unit,Yellowstone National Park,44.583,-110.4901,Great Basin Institute,Preserve and Catalog Yellowstone Archives Manuscripts and Oral Histories,15.946 Cultural Resources Management,Cultural resources management,2026-08-07,"The focus of this project is to arrange and catalog an estimated 127 linear feet (LF) of the Yellowstone Archive’s backlog manuscript collections and approximately 168 oral history interviews. The project will also conduct provenance research and correct accession records for more than 100 oral histories lacking release forms and accession documentation. Oral histories are highly requested research materials within Yellowstone’s Archives. They provide incredible value as a research tool, filling gaps in the written record of Yellowstone’s history, offering first-person information on significant events and figures, and capturing the individual experiences of those involved in the development and stewardship of the world’s first National Park. These records will be permanently retained and available to the American public.","If not awarded, records that the NPS has a legal mandate to curate and preserve in perpetuity will not be collected. Without funding, critical preservation tasks for archives collections would remain incomplete, risking their integrity and curtailing public engagement resources. This project will ensure accountability and preservation of irreplaceable archives.","7/8/2026: Submitted for DOI review. 08/07/2026: Disapproved by DOI. Your financial assistance request, FAST # 3205 titled 'Preserve and Catalog Yellowstone Archives Manuscripts and Oral Histories,' has been reviewed by NPS and DOI leadership. Any questions regarding this determination should be addressed through your associated Regional Director or Associate Director.",42864.10
1867,Disapproved,PWR,Pacific West,YOSE,Yosemite National Park,park unit,Yosemite National Park,37.8413,-119.5428,Great Basin Institute,Natural History Curation at Yosemite National Park,15.946 Cultural Resources Management,Cultural resources management,2026-08-07,"This project will involve one Museum Support Technician and potentially two additional participants to undertake conservation work related to natural history collections at Yosemite National Park. In collaboration with NPS museum personnel, the team will upgrade the physical storage of the collection and implement conservation recommendations. Key tasks will include monthly environmental monitoring, Integrated Pest Management, and cataloging or re-cataloging museum objects. The project will also focus on reviewing legally mandated herbarium specimens to update taxonomy in online databases, recataloging plant specimens, and processing research permits, including searching for past permits that did not provide their specimens.","Without funding, the conservation and management of Yosemite's natural history collections will be hindered, leading to inadequate preservation of valuable specimens, potential loss of biodiversity data, and reduced public access to important scientific resources, ultimately affecting the park's ability to educate and engage visitors about its natural heritage.","05/12/2026: Submitted for DOI review. 08/07/2026: Disapproved by DOI. Your financial assistance request, FAST # 1867 titled ' Natural History Curation at Yosemite National Park,' has been reviewed by NPS and DOI leadership. Any questions regarding this determination should be addressed through your associated Regional Director or Associate Director.",55952.00
1910,Disapproved,PWR,Pacific West,YOSE,Yosemite National Park,park unit,Yosemite National Park,37.8413,-119.5428,The Great Basin Institute,"Enhancing Tribal Relations at Yosemite: internships to support collaboration, compliance, communications",15.946 Cultural Resources Management,Cultural resources management,2026-08-07,"The recipient will provide staff to support cultural resources management and tribal relations at Yosemite National Park. This Agreement will enhance relationships between Yosemite National Park and Traditionally Associated Tribes, improving communications and facilitating tribal access to ancestral lands and traditional practices. Project staff will support Government-to-Government Consultation, timely compliance with law and policy, collaborative fuels reduction, and tribal-led visitor experiences.","This project will make communication, consultation, and collaboration with local Tribes more effective. If not awarded, infrastructure project timelines, Native American Graves Protection and Repatriation Act response, and fuels management projects will slow, and relationships will suffer.","05/18/2026: Abstract edited; ready for DOI review. 05/19/2026: Submitted for DOI review. 08/07/2026: Disapproved by DOI. Your financial assistance request, FAST # 1910 titled 'Enhancing Tribal Relations at Yosemite: internships to support collaboration, compliance, communications,' has been reviewed by NPS and DOI leadership. Any questions regarding this determination should be addressed through your associated Regional Director or Associate Director.",284813.59
1930,Disapproved,PWR,Pacific West,YOSE,Yosemite National Park,park unit,Yosemite National Park,37.8413,-119.5428,American Rivers,"Partner-Based Public Access, Safety, and Restoration within Merced and Tuolumne Rivers and Wetlands, Yosemite",15.944 Natural Resource Stewardship,Natural resource stewardship,2026-08-07,"The goal of this project is for American Rivers to support Yosemite National Park with river channel, floodplain, and wetland restoration planning, design, implementation, monitoring, and outreach within the Merced and Tuolumne Wild and Scenic River corridors, while promoting public access, visitor experience and safety, and removing abandoned infrastructure. This project facilitates public purpose and reduces burden on Federal resources and staff by establishing a private-public partnership to accomplish actions that improve public access and safety, and the condition of National Park infrastructure and resources, particularly related to wetland and riverine ecosystem management and restoration. These public-facing projects support daily operations and prepare infrastructure for future challenges such as floods, drought, and wildfire, and advance 2026 DOI Strategic Plan goals #2.1, 2.3, and #3.1–3.4 (Protects infrastructure through innovation, Sustains visitor access and ecological integrity, and Leverages cross-agency partnerships for restoration). It achieves objectives of the Merced and the Tuolumne Wild & Scenic River Management Plans, and supports federal policies including EO 11990, Wetlands No Net Loss Act, and NPS Management Policies (2006).","Project is essential to promote visitor safety and access, and restore degraded park resources. Without project implementation visitor safety and access will continue to be limited, and park resources will continue to degrade. In Tuolumne, for example, researchers have reported that natural recovery may require more than 200 years.","05/19/2026: Submitted for DOI review. 08/07/2026: Disapproved by DOI. Your financial assistance request, FAST # 1930 titled 'Partner-Based Public Access, Safety, and Restoration within Merced and Tuolumne Rivers and Wetlands, Yosemite,' has been reviewed by NPS and DOI leadership. Any questions regarding this determination should be addressed through your associated Regional Director or Associate Director.",884703.78
2009,Disapproved,PWR,Pacific West,YOSE,Yosemite National Park,park unit,Yosemite National Park,37.8413,-119.5428,The Great Basin Institute,Yosemite National Park - Wildlife,15.931 Youth and Veteran Organizations Conservation Projects,Youth and veteran conservation corps,2026-08-07,"This project provides early-career professionals with hands-on experience in natural resource conservation in and around Yosemite National Park. Natural resource technicians will study the impacts of recent wildfires on at risk wildlife species by collecting data, exploring recovery strategies, and identifying ways to reduce future risk. Using field surveys and monitoring, participants will study wildlife habitat use in fire- and drought-affected areas to inform forest management, fuel reduction, and species conservation.","Without funding, critical data on pre- and post-fire wildlife habitat use and ecosystem recovery will go uncollected, hindering informed management decisions. Opportunities to reduce wildfire risk, conserve biodiversity, and support early-career professionals in natural resource fields would be lost during a time of urgent landscape change.","5/26/2026: NPS Review complete. Ready for DOI Review 05/27/2026: Submitted for DOI review. 08/07/2026: Disapproved by DOI. Your financial assistance request, FAST # 2009 titled 'Yosemite National Park - Wildlife,' has been reviewed by NPS and DOI leadership. Any questions regarding this determination should be addressed through your associated Regional Director or Associate Director.",78655.95
2162,Disapproved,PWR,Pacific West,YOSE,Yosemite National Park,park unit,Yosemite National Park,37.8413,-119.5428,The Great Basin Institute,Collaborative Fuels Reduction at Yosemite National Park: Engage Fire Archeologists,15.946 Cultural Resources Management,Cultural resources management,2026-08-07,"This project will enhance fuels management and fire protection efforts at Yosemite National Park, supporting infrastructure, resources, and efficient compliance processes. Great Basin Institute Archeologists will provide critical information on archeological resources during project planning, review, and implementation. They will work in collaboration with Wildland Fire Service teams, Traditionally Associated Tribes, and Yosemite staff in protecting cultural resources while facilitating fuels reduction work crucial to ecological restoration, infrastructure protection, and public safety.","If this project is not awarded, compliance and implementation of fuels projects will be delayed and adverse impacts to resources and infrastructure may occur, resulting in higher costs to the government.","05/26/2026: Updated project title to spell out park unit. NPS review complete. Ready for DOI review. 05/27/2026: Submitted for DOI review. 08/07/2026: Disapproved by DOI. Your financial assistance request, FAST # 2162 titled 'Collaborative Fuels Reduction at Yosemite National Park: Engage Fire Archeologists,' has been reviewed by NPS and DOI leadership. Any questions regarding this determination should be addressed through your associated Regional Director or Associate Director.",124962.20
2170,Disapproved,PWR,Pacific West,YOSE,Yosemite National Park,park unit,Yosemite National Park,37.8413,-119.5428,The Great Basin Institute,Enhancing Cultural Heritage at Yosemite: Engaging a Historical Landscape Architect for Project Planning and Implementation,15.946 Cultural Resources Management,Cultural resources management,2026-08-07,"This Agreement will support stewardship of cultural and designed landscapes of the Yosemite area, bringing needed subject matter expertise in Landscape Architecture to the park. The Landscape Architect will collaborate with Facilities Management, Concessioner staff, construction contractors, and park partners to facilitate development and maintenance projects with potential to impact historic resources. This person will review design and compliance packages, develop determinations of eligibility, conduct data management, and work closely with Project Managers to support critical infrastructure needs identified as high priority by park and agency management.","Yosemite currently has no Historical Landscape Architect on staff yet has multiple large infrastructure projects in the works. This Agreement will ensure expertise is available for efficient planning, compliance, and construction support across projects. If not awarded, project costs will ultimately be higher, and completion timelines longer.","05/19/2026: Submitted for DOI review. 08/07/2026: Disapproved by DOI. Your financial assistance request, FAST # 2170 titled 'Enhancing Cultural Heritage at Yosemite: Engaging a Historical Landscape Architect for Project Planning and Implementation,' has been reviewed by NPS and DOI leadership. Any questions regarding this determination should be addressed through your associated Regional Director or Associate Director.",128708.29
2314,Disapproved,PWR,Pacific West,YOSE,Yosemite National Park,park unit,Yosemite National Park,37.8413,-119.5428,The Great Basin Institute,Enhancing Resource Stewardship at Yosemite: Engage an Archeologist for Project Planning and Implementation,15.946 Cultural Resources Management,Cultural resources management,2026-08-07,"This Agreement will support stewardship of Yosemite’s archeological and historic resources in areas of anticipated development. An Archeologist will develop information needed to provide guidance to project managers throughout project planning, compliance, and construction to optimize resource stewardship while facilitating priority infrastructure projects. This work will support mission critical projects, helping the park to meet schedules and legal requirements.","This project will ensure key resource information is available at critical points in the NPS process for complex infrastructure projects. If not awarded, legal compliance will be delayed and adverse impacts to resources and infrastructure may occur, resulting in higher costs for the government.","05/19/2026: Submitted for DOI review. 08/07/2026: Disapproved by DOI. Your financial assistance request, FAST # 2314 titled 'Enhancing Resource Stewardship at Yosemite: Engage an Archeologist for Project Planning and Implementation,' has been reviewed by NPS and DOI leadership. Any questions regarding this determination should be addressed through your associated Regional Director or Associate Director.",72798.82
2373,Disapproved,PWR,Pacific West,YOSE,Yosemite National Park,park unit,Yosemite National Park,37.8413,-119.5428,THE GREAT BASIN INSTITUTE,"Survey, Catalog, and Preserve Park Archives in the Pacific West Region",15.946 Cultural Resources Management,Cultural resources management,2026-08-07,"The agreement will provide two professional archivists with the opportunity to gain valuable experience within a national park setting, working alongside NPS professional staff, to appraise, arrange/describe, process, and catalog unprocessed federal records and personal papers and manuscript collections. Conserving information about these resources and rendering them publicly accessible will facilitate the endeavors imperative to economic infrastructure development and public safety, such as road rehabilitation and disaster event response","Scholars, park employees, media, and the general public generally would lose the ability to access these documents were they not preserved and cataloged in such a way.","6/9/2026: NPS review complete. Ready for DOI review. 06/10/2026: Submitted for DOI review. 08/07/2026: Disapproved by DOI. Your financial assistance request, FAST # 2373 titled 'Survey, Catalog, and Preserve Park Archives in the Pacific West Region,' has been reviewed by NPS and DOI leadership. Any questions regarding this determination should be addressed through your associated Regional Director or Associate Director.",140000.00
2981,Disapproved,PWR,Pacific West,YOSE,Yosemite National Park,park unit,Yosemite National Park,37.8413,-119.5428,The Great Basin Institute,Enhancing Cultural Heritage at Yosemite: Engaging a Historian for Project Planning and Implementation,15.946 Cultural Resources Management,Cultural resources management,2026-08-07,"This project engages a Historian to represent the park branch of History, Architecture, and Landscapes throughout all phases of project planning and implementation at Yosemite National Park. Key tasks include conducting fieldwork with project managers and contractors, consolidating previously collected data, and collaborating with the Interpretation team and the descendant community to highlight the contributions of the Chinese immigrant community in Yosemite and the Sierra. The Historian will also document the histories of historic districts, buildings, structures, and landscapes through photographs and reports to expedite compliance and project reviews. The outcome is to enhance public understanding of the park’s cultural heritage while supporting the efforts of the History, Architecture, and Landscapes and Cultural Resources divisions.","Yosemite has no other Historian on staff yet has dozens of projects affecting historic properties. This project will ensure the support needed is available for efficient planning, compliance, and construction across projects. If not awarded, project costs may be higher, and completion timelines longer.","07/01/2026: Submitted for DOI review. 08/07/2026: Disapproved by DOI. Your financial assistance request, FAST # 2981 titled 'Enhancing Cultural Heritage at Yosemite: Engaging a Historian for Project Planning and Implementation,' has been reviewed by NPS and DOI leadership. Any questions regarding this determination should be addressed through your associated Regional Director or Associate Director.",20886.16
1635,Disapproved,IMR,Intermountain,ZION,Zion National Park,park unit,Zion National Park,37.2795,-113.0457,Great Basin Institute,Photographing museum collections for preservation and increased accessibility,15.946 Cultural Resources Management,Cultural resources management,2026-08-07,"The recipient will provide cultural resource support to Zion National Park. Participants will photograph museum objects and specimens, produce digital images, upload them to NPGallery, and expand public access to fragile or rarely exhibit eligible collections, consistent with associated museum access initiatives.","Without this agreement, critical collections remain undocumented and inaccessible, delaying preservation work and limiting public engagement. Digital stewardship goals stall and long standing documentation gaps persist. The park loses essential support for protecting, interpreting, and providing access to irreplaceable museum resources.","05/06/2026: Abstract updated. Ready for DOI review. 05/07/2026: Submitted for DOI review. 08/07/2026: Disapproved by DOI. Your financial assistance request, FAST # 1635 titled 'Photographing museum collections for preservation and increased accessibility,' has been reviewed by NPS and DOI leadership. Any questions regarding this determination should be addressed through your associated Regional Director or Associate Director.",99220.60
2237,Disapproved,IMR,Intermountain,ZION,Zion National Park,park unit,Zion National Park,37.2795,-113.0457,The Great Basin Institute,Youth Geographic Information System (GIS) and Resource Mapping Support at Zion National Park,15.931 Youth and Veteran Organizations Conservation Projects,Youth and veteran conservation corps,2026-08-07,"This project at Zion National Park will provide young adults with hands-on experience in mapping, data management, and field support. Participants will help update and organize park maps, collect natural resource information, and maintain equipment. They will also assist with tasks such as utility mapping, data requests, and digitizing old maps. Work may extend to Cedar Breaks National Monument and Pipe Spring National Monument to keep shared spatial data accurate and accessible. The project equips youth with practical skills while helping parks maintain reliable information for staff and visitors.","Without funding, the parks will lack updated maps and accurate resource data, limiting staff’s ability to make informed decisions and respond quickly during emergencies such as fires or search-and-rescue events.","5/26/2026: NPS Review complete. Ready for DOI Review. 05/27/2026: Submitted for DOI review. 08/07/2026: Disapproved by DOI. Your financial assistance request, FAST # 2237 titled 'Youth Geographic Information System (GIS) and Resource Mapping Support at Zion National Park,' has been reviewed by NPS and DOI leadership. Any questions regarding this determination should be addressed through your associated Regional Director or Associate Director.",69292.00
2482,Disapproved,IMR,Intermountain,ZION,Zion National Park,park unit,Zion National Park,37.2795,-113.0457,The Great Basin Institute,Zion Cultural Resources,15.946 Cultural Resources Management,Cultural resources management,2026-08-07,"This project supports the protection and management of cultural resources in Zion National Park by identifying and evaluating heritage sites, conducting historic research, and applying standard cultural field methods. It provides management recommendations, documents historic structures, and develops preservation strategies. The work concludes with concise summary reports that guide long-term stewardship. The projects involve resources in visible, high visitation areas with beneficiaries including visitors, participating members of the project, and park staff.","If this project is not completed, significant cultural sites in Zion National Park may remain unidentified, undocumented, or at risk of damage. Gaps in research, preservation planning, and management guidance would hinder informed decision-making, potentially resulting in permanent loss of cultural heritage and reduced protection for historic structures.","6/2/2026: Modified project abstract. NPS review complete. Ready for DOI review. 06/03/2026: Submitted for DOI review. 08/07/2026: Disapproved by DOI. Your financial assistance request, FAST # 2482 titled 'Zion Cultural Resources,' has been reviewed by NPS and DOI leadership. Any questions regarding this determination should be addressed through your associated Regional Director or Associate Director.",80983.13
2928,Disapproved,IMR,Intermountain,ZION,Zion National Park,park unit,Zion National Park,37.2795,-113.0457,The Great Basin Institute,Zion National Park Resource Management Archivist,15.946 Cultural Resources Management,Cultural resources management,2026-08-07,"This project is a multi-year project for an archivist to work for approximately sixty-six weeks to complete archive projects in collaboration with National Park Service museum and archives professionals. The archivist will be engaged in the processing of an estimated 60 linear feet of Zion National Park resource management archives and create and publish a finding aid on the park website accessible to researchers and the public. The archivist will also perform monthly tasks associated with integrated pest management, and environmental monitoring, accessioning, updating or generating loan documentation, working with incoming research permits, answering research requests, conducting annual inventories, and assisting the museum curator with a variety of duties as they arise.","Archival Collections will not be processed and not made avaialable for park and public use. Preserving the collection and providing for collection access, use and interpretation are primary responsibiities of the musuem program.","07/01/2026: Submitted for DOI review. 08/07/2026: Disapproved by DOI. Your financial assistance request, FAST # 2928 titled 'Zion National Park Resource Management Archivist,' has been reviewed by NPS and DOI leadership. Any questions regarding this determination should be addressed through your associated Regional Director or Associate Director.",112599.02
2963,Disapproved,IMR,Intermountain,ZION,Zion National Park,park unit,Zion National Park,37.2795,-113.0457,The Great Basin Institute,Museum and Archives Collaboration,15.946 Cultural Resources Management,Cultural resources management,2026-08-07,"This project encompasses a review of all Zion National Park museum accession records prior to 1995 and appropriate actions to resolve discrepancies. A temporary museum technician will review all pre-1995 accession files, perform a 100% inventory of all relevant collections, resolve data discrepancies, and prepare deaccession documents for long-missing items and items outside the scope of collection for internal review by the Collection Advisory Committee.","If this project is not awarded, addressing inaccurate collection information will not be possible, leading to unreliable data for determining the needs of the collections, decreased efficiency, and increased time wasted on piecemeal solutions to these problems.","06/26/2026: Abstract updated to include park unit name. Ready for DOI review. 07/01/2026: Submitted for DOI review. 08/07/2026: Disapproved by DOI. Your financial assistance request, FAST # 2963 titled 'Museum and Archives Collaboration,' has been reviewed by NPS and DOI leadership. Any questions regarding this determination should be addressed through your associated Regional Director or Associate Director.",22516.25
